"scientific_name","BCR","slope","lower_CI","upper_CI","intercept","adj_r2","Trend"
"Accipiter cooperii",18,0,0,0,1,NA,"Stable"
"Accipiter cooperii",19,-0.0043120738066587,-0.0147015101594313,0.00607736254611386,9.70407139991989,-0.0107634710522793,"Stable"
"Accipiter cooperii",20,-0.00575475874280663,-0.0371897905718686,0.0256802730862553,12.7189021691015,-0.0496127664444819,"Stable"
"Accipiter cooperii",21,-0.00807686951678035,-0.0284912607493268,0.0123375217157661,17.370561203175,-0.0149013158621851,"Stable"
"Accipiter cooperii",25,0.0129863618130766,-0.00792483293482789,0.0338975565609811,-24.9052847974328,0.0250688037616436,"Stable"
"Accipiter cooperii",35,0.0113512979962492,-0.0128676430208502,0.0355702390133485,-21.6653834764585,-0.00123238516608892,"Stable"
"Accipiter cooperii",36,0.0177413201068292,-0.0321126311667046,0.067595271380363,-34.3206791301024,-0.0272650482801542,"Stable"
"Accipiter cooperii",37,-0.011190053285968,-0.0311041894417701,0.00872408286983401,23.553108348135,0.0292819081451409,"Stable"
