"scientific_name","BCR","slope","lower_CI","upper_CI","intercept","adj_r2","Trend"
"Accipiter striatus",18,0,0,0,1,NA,"Stable"
"Accipiter striatus",19,0.00941704035874396,-0.0450021711196773,0.0638362518371653,-17.6295964125552,-0.083886397608373,"Stable"
"Accipiter striatus",20,NA,NA,NA,NA,NA,NA
"Accipiter striatus",21,0.0204991087344029,-0.0190332263963998,0.0600314438652055,-40.0374331550802,0.0592055003819711,"Stable"
"Accipiter striatus",25,-0.0150199807082818,-0.0399082010493149,0.00986823963275134,31.2283312663638,0.0530981581002266,"Stable"
"Accipiter striatus",35,NA,NA,NA,NA,NA,NA
