"scientific_name","BCR","slope","lower_CI","upper_CI","intercept","adj_r2","Trend"
"Aeronautes saxatalis",18,-0.052819714874472,-0.128653202551422,0.0230137728024783,108.338576054508,0.0566675281129282,"Stable"
"Aeronautes saxatalis",35,-0.18445146014206,-0.35454789622151,-0.01435502406261,374.491475927372,0.163901803151981,"Decreasing"
