"scientific_name","BCR","slope","lower_CI","upper_CI","intercept","adj_r2","Trend"
"Agelaius phoeniceus",18,-0.5075210589651,-1.01559514296389,0.000553025033691479,1078.46058965102,0.115057067092214,"Stable"
"Agelaius phoeniceus",19,-1.02863016446049,-1.54072812559108,-0.516532203329895,2154.34331127156,0.393005964938114,"Decreasing"
"Agelaius phoeniceus",20,0.101083032490975,-0.026347737420462,0.228513802402413,-198.330324909749,0.062979312249305,"Stable"
"Agelaius phoeniceus",21,-0.23149819494585,-0.362542585741578,-0.100453804150121,480.106949458486,0.329639530204333,"Decreasing"
"Agelaius phoeniceus",25,-0.466756919374251,-0.578175455135962,-0.35533838361254,948.694193742485,0.746849622977442,"Decreasing"
"Agelaius phoeniceus",35,-0.829021259526678,-1.16431789703918,-0.493724622014177,1684.62926193342,0.500404862100341,"Decreasing"
"Agelaius phoeniceus",36,-5.50050140393106,-10.2779523327261,-0.723050475135974,11158.4307059768,0.156733633117654,"Decreasing"
"Agelaius phoeniceus",37,-4.68692338547936,-8.31676534022713,-1.05708143073158,9599.06718812679,0.19619160947244,"Decreasing"
