"scientific_name","BCR","slope","lower_CI","upper_CI","intercept","adj_r2","Trend"
"Aimophila ruficeps",18,-0.0195046129161649,-0.0848904724497618,0.0458812466174321,42.5044624949852,-0.02547110992062,"Stable"
"Aimophila ruficeps",19,-0.106899318090655,-0.219948525715595,0.00614988953428407,219.826514239875,0.101004949274639,"Stable"
"Aimophila ruficeps",20,-0.111060970718011,-0.205773372530271,-0.0163485689057509,228.651373846772,0.162679467487701,"Decreasing"
"Aimophila ruficeps",21,0.000258650419589939,-0.0769806187989227,0.0774979196381025,1.56724910909002,-0.0476166282698849,"Stable"
"Aimophila ruficeps",35,-0.0781187324508622,-0.159175706365964,0.00293824146423932,162.603991175291,0.105752162255865,"Stable"
"Aimophila ruficeps",36,-0.4,-4.95349964031611,4.15349964031611,803.4,-0.4,"Stable"
