"scientific_name","BCR","slope","lower_CI","upper_CI","intercept","adj_r2","Trend"
"Aix sponsa",18,-0.0711436170212777,-0.215021595644286,0.072734361601731,145.089317375889,0.00998081405099871,"Stable"
"Aix sponsa",19,-0.00817288407541086,-0.052887245235466,0.0365414770846443,19.2705074207776,-0.035526456008979,"Stable"
"Aix sponsa",20,0.0479452054794542,-1.30869951760174,1.40458992856065,-94.7328767123331,-0.664383561643844,"Stable"
"Aix sponsa",21,0.0176483705520681,-0.0236773123043208,0.0589740534084569,-33.3979803128265,-0.00946294212957266,"Stable"
"Aix sponsa",25,0.016947452868031,-0.0261560407504661,0.0600509464865281,-31.5578620136393,-0.0138488778681303,"Stable"
"Aix sponsa",35,NA,NA,NA,NA,NA,NA
"Aix sponsa",37,0.0777420650863796,-0.147780378178677,0.303264508351436,-151.94777018883,-0.0209063712280018,"Stable"
