"scientific_name","BCR","slope","lower_CI","upper_CI","intercept","adj_r2","Trend"
"Ammospiza maritima",37,0.944116916966608,-0.403556703849126,2.29179053778234,-1878.74252203052,0.0485457495016595,"Stable"
