"scientific_name","BCR","slope","lower_CI","upper_CI","intercept","adj_r2","Trend"
"Ammodramus savannarum",18,-0.0876955475330906,-0.286487328204065,0.111096233137884,194.080475330922,-0.00688862451128047,"Stable"
"Ammodramus savannarum",19,-0.311923385479343,-0.493860085658398,-0.129986685300287,650.692188126756,0.315458513888947,"Decreasing"
"Ammodramus savannarum",20,-0.210124742642606,-0.332033740332942,-0.0882157449522709,425.754026886278,0.38932319468295,"Decreasing"
"Ammodramus savannarum",21,-0.0960689931809067,-0.155764394934121,-0.0363735914276926,197.023265142399,0.286370457183162,"Decreasing"
"Ammodramus savannarum",25,-0.115775056397037,-0.257024674765304,0.0254745619712309,235.402594263619,0.113678868338809,"Stable"
"Ammodramus savannarum",35,-0.20079239302694,-0.369376486614335,-0.0322082994395441,406.819175911248,0.189244120123956,"Decreasing"
"Ammodramus savannarum",36,0.0856672158154847,-0.0561219378388218,0.227456369469791,-168.827467425488,0.0272548495777498,"Stable"
"Ammodramus savannarum",37,0.391412349183844,0.204751019080598,0.57807367928709,-781.256919801329,0.654409218847869,"Increasing"
