"scientific_name","BCR","slope","lower_CI","upper_CI","intercept","adj_r2","Trend"
"Amphispiza bilineata",18,-0.0052647412755718,-0.163159536998775,0.152630054447632,16.2724127557164,-0.041461159501422,"Stable"
"Amphispiza bilineata",19,0.0452016689847057,-0.0481149272536278,0.138518265223039,-87.3753546592585,0.000169978468942733,"Stable"
"Amphispiza bilineata",20,-0.0199057360609702,-0.115371407488745,0.0755599353668048,44.8490272763729,-0.0336900666018605,"Stable"
"Amphispiza bilineata",21,-0.0469915546646537,-0.251414557106135,0.157431447776828,99.0148204133993,-0.0347648963030451,"Stable"
"Amphispiza bilineata",35,-0.130565583634172,-0.512433494901494,0.251302327633151,297.155836341749,-0.0204924979707637,"Stable"
"Amphispiza bilineata",36,-0.696105702364411,-1.15480349464544,-0.237407910083386,1419.21246175247,0.269526499803145,"Decreasing"
"Amphispiza bilineata",37,NA,NA,NA,NA,NA,NA
