"scientific_name","BCR","slope","lower_CI","upper_CI","intercept","adj_r2","Trend"
"Anas acuta",18,-0.0284296028880873,-0.168348422104273,0.111489216328098,60.6710288808677,-0.0340893949131573,"Stable"
"Anas acuta",19,-0.0237899917965528,-0.128111054972268,0.0805310713791619,50.6144380639834,-0.0382528878345136,"Stable"
"Anas acuta",35,NA,NA,NA,NA,NA,NA
