"scientific_name","BCR","slope","lower_CI","upper_CI","intercept","adj_r2","Trend"
"Anas crecca",18,-0.0450762133975144,-0.306677033199804,0.216524606404775,95.4704673084664,-0.0362062183552749,"Stable"
"Anas crecca",19,0.00894538606402931,-0.0854394891768549,0.103330261304913,-16.1205273069663,-0.0794973778510155,"Stable"
"Anas crecca",35,NA,NA,NA,NA,NA,NA
