"scientific_name","BCR","slope","lower_CI","upper_CI","intercept","adj_r2","Trend"
"Anas platyrhynchos",18,-0.15513437625351,-0.266435214140422,-0.043833538366599,318.760429201766,0.225419426709602,"Decreasing"
"Anas platyrhynchos",19,-0.0698455675892503,-0.175598711616402,0.0359075764379012,146.747342559166,0.0331847578562171,"Stable"
"Anas platyrhynchos",20,NA,NA,NA,NA,NA,NA
"Anas platyrhynchos",21,-0.00782947478834196,-0.119913036384757,0.104254086808073,18.0405709148123,-0.0465673407806955,"Stable"
"Anas platyrhynchos",25,-0.0191570881226047,-0.189739554883199,0.151425378637989,41.4406130268187,-0.0720687921499283,"Stable"
"Anas platyrhynchos",35,-0.236462093862814,-0.497404991390079,0.0244808036644507,481.620938628156,0.0908400390997236,"Stable"
"Anas platyrhynchos",36,0.115384615384697,-5.80979020080914,6.04055943157853,-229.730769230934,-0.884615384615302,"Stable"
"Anas platyrhynchos",37,0.0682474226804116,-0.307096542607918,0.443591387968741,-133.460206185565,-0.113452786323181,"Stable"
