"scientific_name","BCR","slope","lower_CI","upper_CI","intercept","adj_r2","Trend"
"Anas diazi",35,-0.0707446808510669,-0.18962121246061,0.0481318507584759,146.794361702134,0.0210298295368245,"Stable"
"Anas diazi",36,-0.0176015473887844,-0.173247906867006,0.138044812089437,37.3411992263115,-0.0847994628898427,"Stable"
