"scientific_name","BCR","slope","lower_CI","upper_CI","intercept","adj_r2","Trend"
"Anas fulvigula",21,0.0193474400710263,-0.0790118816747662,0.117706761816819,-36.4502071618809,-0.0393373643803119,"Stable"
"Anas fulvigula",25,NA,NA,NA,NA,NA,NA
"Anas fulvigula",36,0.0476348823676115,-0.0143454602641961,0.109615224999419,-93.0080084240859,0.0627709656458025,"Stable"
"Anas fulvigula",37,-0.125852386682713,-0.398327962393979,0.146623189028554,262.107200160451,-0.00366336901917097,"Stable"
