"scientific_name","BCR","slope","lower_CI","upper_CI","intercept","adj_r2","Trend"
"Anhinga anhinga",21,0.00840198234270924,-0.0247424102991674,0.0415463749845859,-15.5247300534975,-0.035522738117177,"Stable"
"Anhinga anhinga",25,-0.0112815884476533,-0.0649752957390259,0.0424121188437193,24.940884476534,-0.0335682829226585,"Stable"
"Anhinga anhinga",36,NA,NA,NA,NA,NA,NA
"Anhinga anhinga",37,-0.0613664505790651,-0.123129072754015,0.000396171595885036,125.272161118797,0.129384867955644,"Stable"
