"scientific_name","BCR","slope","lower_CI","upper_CI","intercept","adj_r2","Trend"
"Antrostomus carolinensis",19,0.0378559967910153,-0.0141074298853884,0.089819423467419,-71.7683012434827,0.0480085265349419,"Stable"
"Antrostomus carolinensis",20,-0.0607200160449258,-0.116606963960668,-0.00483306812918361,124.908493782591,0.138770954628987,"Decreasing"
"Antrostomus carolinensis",21,0.00481347773766561,-0.0299166979968389,0.0395436534721701,-7.13477737665493,-0.038127344800736,"Stable"
"Antrostomus carolinensis",25,-0.0230144404332133,-0.0500176234230926,0.00398874255666607,49.5194043321305,0.0772931098969022,"Stable"
"Antrostomus carolinensis",36,0.0386266094420598,-0.285981685870947,0.363234904755067,-76.1201716738191,-0.32618025751073,"Stable"
"Antrostomus carolinensis",37,NA,NA,NA,NA,NA,NA
