"scientific_name","BCR","slope","lower_CI","upper_CI","intercept","adj_r2","Trend"
"Aphelocoma wollweberi",35,0.0645341788678449,-0.198127926152861,0.327196283888551,-122.995523640754,-0.0423480686210742,"Stable"
