"scientific_name","BCR","slope","lower_CI","upper_CI","intercept","adj_r2","Trend"
"Aphelocoma woodhouseii",18,-0.0983202754036113,-0.200429972020088,0.00378942121286534,200.293298907887,0.110043630216646,"Stable"
"Aphelocoma woodhouseii",19,-0.0331285651601581,-0.0748013937356757,0.00854426341535945,68.3884744771102,0.0812421054197289,"Stable"
"Aphelocoma woodhouseii",20,-0.0722021660649818,-0.14660369658114,0.00219936445117627,150.021660649819,0.107511362393212,"Stable"
"Aphelocoma woodhouseii",35,-0.0936121139189737,-0.189223504607219,0.00199927676927189,193.662805856399,0.109794280961179,"Stable"
