"scientific_name","BCR","slope","lower_CI","upper_CI","intercept","adj_r2","Trend"
"Aquila chrysaetos",18,-0.0025571600481346,-0.0320692841035822,0.026954964007313,6.44660048134742,-0.0402804510793491,"Stable"
"Aquila chrysaetos",19,0.0253164556962021,-1.36758178319166,1.41821469458406,-49.493670886075,-0.898734177215205,"Stable"
"Aquila chrysaetos",20,NA,NA,NA,NA,NA,NA
"Aquila chrysaetos",35,0.0241646642789134,-0.00788223697075998,0.0562115655285869,-47.1102597814747,0.0655876441341411,"Stable"
