"scientific_name","BCR","slope","lower_CI","upper_CI","intercept","adj_r2","Trend"
"Archilochus colubris",19,-0.00822741883164778,-0.0405038179390904,0.0240489802757948,17.911769042494,-0.0323409471826417,"Stable"
"Archilochus colubris",20,NA,NA,NA,NA,NA,NA
"Archilochus colubris",21,-0.0415663858804654,-0.0622432522513699,-0.020889519509561,85.95552547132,0.393415832006385,"Decreasing"
"Archilochus colubris",25,-0.0152426795026074,-0.0326030900850115,0.0021177310797967,32.5934616927399,0.0837060218829179,"Stable"
"Archilochus colubris",37,-0.0297022911236109,-0.07107042276925,0.0116658405220282,61.1234737275346,0.0529296464973411,"Stable"
