"scientific_name","BCR","slope","lower_CI","upper_CI","intercept","adj_r2","Trend"
"Archilochus alexandri",18,0.00806885422270035,-0.0162678049895238,0.0324055134349245,-15.0779989241527,-0.0254749299283707,"Stable"
"Archilochus alexandri",19,0.00260730044123561,-0.0548031856725855,0.0600177865550567,-2.73967107902156,-0.0412854823916322,"Stable"
"Archilochus alexandri",20,0.0237164059366224,-0.0268463699241112,0.0742791817973559,-44.6223926995584,-0.00252003068110596,"Stable"
"Archilochus alexandri",21,-0.0185018050541519,-0.0586552798001139,0.0216516696918101,39.6430505415168,-0.00383884050874306,"Stable"
"Archilochus alexandri",25,NA,NA,NA,NA,NA,NA
"Archilochus alexandri",35,-0.0558563979141595,-0.0818246282585652,-0.0298881675697538,114.480645808263,0.428019529561995,"Decreasing"
"Archilochus alexandri",36,0.014350453172207,-0.0718143470337668,0.100515253378181,-26.3898654215906,-0.0437015861027175,"Stable"
"Archilochus alexandri",37,NA,NA,NA,NA,NA,NA
