"scientific_name","BCR","slope","lower_CI","upper_CI","intercept","adj_r2","Trend"
"Ardea herodias",18,-0.0240673886883276,-0.0557012199161201,0.00756644253946492,50.6738868832737,0.0553792554636868,"Stable"
"Ardea herodias",19,-0.00401123144805472,-0.0306398605609134,0.022617397664804,10.4456478138792,-0.0374883005749429,"Stable"
"Ardea herodias",20,-0.0241676694745284,-0.0557879282795432,0.00745258933048629,50.2600280786197,0.0561896563064729,"Stable"
"Ardea herodias",21,-0.0231147212194144,-0.0619925358382964,0.0157630933994676,49.105545527477,0.0198285230964335,"Stable"
"Ardea herodias",25,-0.0326413959085442,-0.0638222648995617,-0.00146052691752674,67.7889590854398,0.127949782379169,"Stable"
"Ardea herodias",35,-0.0450402144772099,-0.157267132067154,0.0671867031127344,92.6798927613903,-0.0144514817280552,"Stable"
"Ardea herodias",36,-0.00319943121222886,-0.0281690181771878,0.0217701557527301,7.68165659438307,-0.0421096855508518,"Stable"
"Ardea herodias",37,-0.0495888487765749,-0.137146338797182,0.0379686412440322,103.846821099078,0.0144418948380384,"Stable"
