"scientific_name","BCR","slope","lower_CI","upper_CI","intercept","adj_r2","Trend"
"Ardea alba",18,0.0402771762667817,-0.158499753772681,0.239054106306244,-79.2208748375911,-0.0951134782488525,"Stable"
"Ardea alba",19,0.181207380665865,-0.0278080095488548,0.390222770880584,-359.157139991978,0.0809376261319855,"Stable"
"Ardea alba",20,0.00637295649764472,-0.0368415891767557,0.0495875021720451,-11.5577722360764,-0.0975390741253868,"Stable"
"Ardea alba",21,-0.061020858403531,-0.197603921946327,0.075562205139265,126.666917368634,-0.00602665252001389,"Stable"
"Ardea alba",25,0.00852386682711587,-0.0715533444246986,0.0886010780789303,-12.8220016044925,-0.0395760368181417,"Stable"
"Ardea alba",35,-0.132299270073003,-0.319849027433848,0.0552504872878426,268.833404894825,0.0730356950918301,"Stable"
"Ardea alba",36,-0.287906137184117,-0.725336966482558,0.149524692114324,584.311371841159,0.0327049925370518,"Stable"
"Ardea alba",37,0.199959887685516,-0.835351738158433,1.23527151352946,-371.265543521854,-0.0348153834937401,"Stable"
