"scientific_name","BCR","slope","lower_CI","upper_CI","intercept","adj_r2","Trend"
"Arremonops rufivirgatus",20,-0.162404733253112,-0.561997595574781,0.237188129068558,339.255665864427,-0.0119974026153296,"Stable"
"Arremonops rufivirgatus",21,0.196750902527077,-0.0562458835345531,0.449747688588706,-383.50902527076,0.0593088263434939,"Stable"
"Arremonops rufivirgatus",35,NA,NA,NA,NA,NA,NA
"Arremonops rufivirgatus",36,0.234657039711192,0.0865827133173358,0.382731366105048,-460.570397111914,0.279488040967262,"Increasing"
"Arremonops rufivirgatus",37,-0.301744885679907,-0.553960449457203,-0.0495293219026102,621.698856799043,0.169351099074734,"Decreasing"
