"scientific_name","BCR","slope","lower_CI","upper_CI","intercept","adj_r2","Trend"
"Athene cunicularia",18,0.0408142799839555,-0.0139311561908104,0.0955597161587214,-76.5594665062182,0.051866058296565,"Stable"
"Athene cunicularia",19,0.0224141824751583,-0.0311473499024505,0.0759757148527671,-42.8134033423672,-0.0105515987321441,"Stable"
"Athene cunicularia",35,0.0612715603690334,-0.0134341932345586,0.135977313972625,-120.132270357,0.0694353139407622,"Stable"
