"scientific_name","BCR","slope","lower_CI","upper_CI","intercept","adj_r2","Trend"
"Auriparus flaviceps",18,0.0530112923462986,-0.0810983616667178,0.187120946359315,-104.064826432455,-0.0197211685810241,"Stable"
"Auriparus flaviceps",19,0.0110606060606066,-0.0827763424987344,0.104897554619948,-18.8830303030314,-0.0446300970329236,"Stable"
"Auriparus flaviceps",20,-0.226383874849579,-0.349955752729463,-0.102811996969695,459.713748495789,0.34719807453199,"Decreasing"
"Auriparus flaviceps",21,-0.0106799037304456,-0.181691379303252,0.16033157184236,26.4240373044532,-0.0409460938705004,"Stable"
"Auriparus flaviceps",35,-0.123094665062175,-0.23114119861025,-0.0150481315141,254.988317288409,0.153369864420461,"Decreasing"
"Auriparus flaviceps",36,-0.181157240272765,-0.318560157111394,-0.0437543234341351,370.364069394306,0.203935934912906,"Decreasing"
"Auriparus flaviceps",37,-0.13406368221942,-0.281154190170499,0.0130268257316596,272.969577553593,0.105424822794151,"Stable"
