"scientific_name","BCR","slope","lower_CI","upper_CI","intercept","adj_r2","Trend"
"Aythya americana",18,0.0056497175141239,-0.118225554557678,0.129524989585926,-7.63599677158919,-0.0521269789780048,"Stable"
"Aythya americana",19,0.0350526315789633,-0.163172290086143,0.233277553244069,-66.3881403509092,-0.0450967037596508,"Stable"
"Aythya americana",35,NA,NA,NA,NA,NA,NA
"Aythya americana",37,NA,NA,NA,NA,NA,NA
