"scientific_name","BCR","slope","lower_CI","upper_CI","intercept","adj_r2","Trend"
"Aythya affinis",18,0.215189873417731,-0.620549069914879,1.05092881675034,-429.696202531664,0.829113924050667,"Stable"
"Aythya affinis",19,0.0444015444015445,-0.507917564223115,0.596720653026204,-87.5212355212356,0.0212355212354378,"Stable"
