"scientific_name","BCR","slope","lower_CI","upper_CI","intercept","adj_r2","Trend"
"Baeolophus atricristatus",18,NA,NA,NA,NA,NA,NA
"Baeolophus atricristatus",19,0.0382571199358194,-0.0909798383839307,0.16749407825557,-70.1128660248679,-0.0257136550634895,"Stable"
"Baeolophus atricristatus",20,-0.0641797031688718,-0.357871041687612,0.229511635349868,150.63036502206,-0.0329119541434182,"Stable"
"Baeolophus atricristatus",21,0.260780184516647,0.170017451383964,0.35154291764933,-515.7601784998,0.57745295595561,"Increasing"
"Baeolophus atricristatus",25,NA,NA,NA,NA,NA,NA
"Baeolophus atricristatus",35,-0.0669875651825107,-0.162867498918439,0.0288923685534174,138.042318491776,0.0413839894987318,"Stable"
"Baeolophus atricristatus",36,0.0567087845968722,-0.0154973995897324,0.128914968783477,-109.962845968714,0.0611180054151651,"Stable"
"Baeolophus atricristatus",37,-0.201664661050944,-0.372602734413669,-0.0307265876882187,411.229943842763,0.164681093221318,"Decreasing"
