"scientific_name","BCR","slope","lower_CI","upper_CI","intercept","adj_r2","Trend"
"Baeolophus bicolor",19,-0.0629261933413567,-0.151497807333718,0.0256454206510044,132.803600080226,0.0439792346037253,"Stable"
"Baeolophus bicolor",20,0.131944027385744,-0.300340069603313,0.5642281243748,-259.105759413851,-0.0319801237248072,"Stable"
"Baeolophus bicolor",21,-0.0904532691536311,-0.212044860510943,0.0311383222036805,198.19935820297,0.0514968127986836,"Stable"
"Baeolophus bicolor",25,0.0399117529081428,-0.0873098137248861,0.167133319541172,-61.7841957480946,-0.0237831243161302,"Stable"
"Baeolophus bicolor",36,0.553846153846145,-1.00489396662353,2.11258627431582,-1105.13076923075,0.308316008316008,"Stable"
"Baeolophus bicolor",37,-0.106698756518251,-0.189421369940824,-0.0239761430956782,219.654231849178,0.195798772036936,"Decreasing"
