"scientific_name","BCR","slope","lower_CI","upper_CI","intercept","adj_r2","Trend"
"Baeolophus ridgwayi",18,-0.0254953379953357,-0.077758601209047,0.0267679252183756,53.1030011654965,0.00132488221492399,"Stable"
"Baeolophus ridgwayi",35,-0.0721643484839678,-0.183049111075784,0.0387204141078482,149.386835826109,0.0327457324182036,"Stable"
