"scientific_name","BCR","slope","lower_CI","upper_CI","intercept","adj_r2","Trend"
"Bartramia longicauda",18,-0.0278780585639794,-0.0947500938139569,0.0389939766859982,59.9472523064585,-0.0104967009299139,"Stable"
"Bartramia longicauda",19,0.0113317288407534,-0.0944733196900478,0.117136777371554,-9.73395507420625,-0.039550301865984,"Stable"
"Bartramia longicauda",21,-0.0343839541547302,-0.121687707668374,0.0529197993589138,70.7014847616614,-0.0210578978487193,"Stable"
"Bartramia longicauda",25,NA,NA,NA,NA,NA,NA
