"scientific_name","BCR","slope","lower_CI","upper_CI","intercept","adj_r2","Trend"
"Bombycilla cedrorum",18,0.0755867113684847,-0.210947111248528,0.362120533985497,-148.174032307222,-0.0752625177551716,"Stable"
"Bombycilla cedrorum",19,0.0621239470517443,-0.549234921692511,0.673482815796,-119.614470517448,-0.0397610977161094,"Stable"
"Bombycilla cedrorum",25,NA,NA,NA,NA,NA,NA
