"scientific_name","BCR","slope","lower_CI","upper_CI","intercept","adj_r2","Trend"
"Botaurus lentiginosus",18,-1.79800324695595e-17,-5.45878618526186e-17,1.86277969134995e-17,1.00000000000004,0.46083550913835,"Stable"
"Botaurus lentiginosus",19,-0.0221620537505008,-0.118213533488629,0.0738894259876274,48.0372041716795,-0.0319162806998319,"Stable"
"Botaurus lentiginosus",25,NA,NA,NA,NA,NA,NA
"Botaurus lentiginosus",37,0.122743682310464,-0.0290075990206441,0.274494963641571,-244.953068592046,0.356438026474107,"Stable"
