"scientific_name","BCR","slope","lower_CI","upper_CI","intercept","adj_r2","Trend"
"Branta canadensis",18,0.0932109907741679,-0.14112799289704,0.327549974445375,-178.318241075011,-0.013214712088657,"Stable"
"Branta canadensis",19,-0.222172081829122,-0.73473819537655,0.290394031718305,467.595818291217,-0.0080520922253986,"Stable"
"Branta canadensis",21,-0.447743745616094,-0.980472429461852,0.0849849382296639,910.618657937823,0.0777354639679908,"Stable"
"Branta canadensis",25,-0.604041315683915,-0.898084912706595,-0.309997718661236,1223.62149017248,0.404417741285622,"Decreasing"
"Branta canadensis",35,-0.692394366197174,-2.36296427703143,0.978175544637078,1404.53915492956,-0.0141839547361409,"Stable"
"Branta canadensis",37,-0.644073418841239,-2.14666719570135,0.858520358018872,1310.88224237067,-0.00924593962430142,"Stable"
