"scientific_name","BCR","slope","lower_CI","upper_CI","intercept","adj_r2","Trend"
"Bubo virginianus",18,0.00586642599277981,-0.0203639564003996,0.0320968083859592,-9.78925992779788,-0.0325003760529483,"Stable"
"Bubo virginianus",19,0.00361010830324906,-0.0161194036627969,0.023339620269295,-5.10108303249091,-0.0355130729679467,"Stable"
"Bubo virginianus",20,-0.00122619734564282,-0.0491703153601419,0.0467179206688563,4.05467397576342,-0.0498505964326299,"Stable"
"Bubo virginianus",21,-0.0173485760128364,-0.0553762527374547,0.020679100711782,36.9024267950269,-0.00455856020993139,"Stable"
"Bubo virginianus",25,-0.0448848238482379,-0.100013497721059,0.0102438500245832,91.8202913279121,0.0710906272942304,"Stable"
"Bubo virginianus",35,-0.0077717609306057,-0.0449471787693139,0.0294036569081025,17.4259426393903,-0.0336486758237229,"Stable"
"Bubo virginianus",36,0.00335940633774567,-0.0430740298802399,0.0497928425557313,-4.63573004412351,-0.0406998272137931,"Stable"
"Bubo virginianus",37,0.0095768150822301,-0.0366545505963404,0.0558081807608006,-17.4764841556355,-0.0337931659749229,"Stable"
