"scientific_name","BCR","slope","lower_CI","upper_CI","intercept","adj_r2","Trend"
"Bubulcus ibis",18,0.107917636965316,-0.796037607293482,1.01187288122412,-202.22649834539,-0.042549657340557,"Stable"
"Bubulcus ibis",19,-0.203406932573597,-1.04624382751372,0.639429962366527,442.740800094962,-0.0322917085591032,"Stable"
"Bubulcus ibis",20,0.295258056064972,-0.262698410849985,0.85321452297993,-588.130992926382,0.0288554617504782,"Stable"
"Bubulcus ibis",21,-1.48204973926997,-2.4584667507355,-0.505632727804438,3043.58072603292,0.260654113729243,"Decreasing"
"Bubulcus ibis",25,-0.503108704372245,-0.80548856985977,-0.20072883888472,1033.17037705576,0.30152368111105,"Decreasing"
"Bubulcus ibis",35,-0.28286360831105,-0.579222566668399,0.0134953500462986,572.792120962771,0.137188621990778,"Stable"
"Bubulcus ibis",36,1.1839651022864,-0.348234169078719,2.71616437365152,-2346.27602286402,0.058148220047176,"Stable"
"Bubulcus ibis",37,-2.39279983955076,-5.05280765241874,0.267207973317225,4928.41506217412,0.0891489876327882,"Stable"
