"scientific_name","BCR","slope","lower_CI","upper_CI","intercept","adj_r2","Trend"
"Buteo albonotatus",20,0.00262381108560168,-0.0222773464665042,0.0275249686377076,-4.12856674319418,-0.0785958966509974,"Stable"
"Buteo albonotatus",35,-0.0122463261021687,-0.0323272701582812,0.00783461795394388,25.6943666899916,0.0714485654303455,"Stable"
