"scientific_name","BCR","slope","lower_CI","upper_CI","intercept","adj_r2","Trend"
"Buteo lineatus",19,0.0133754536900117,-0.021551612565387,0.0483025199454105,-25.4341309315761,-0.0163163010284708,"Stable"
"Buteo lineatus",20,0.0349478539911754,0.0073409098597319,0.0625547981226189,-68.7702065784198,0.189002407498571,"Stable"
"Buteo lineatus",21,0.00020056157240265,-0.0229067444789334,0.0233078676237387,1.82771760930621,-0.0416527387796943,"Stable"
"Buteo lineatus",25,0.0197553148816687,-0.00662776684893967,0.0461383966122771,-37.4698154833535,0.0526113622017617,"Stable"
"Buteo lineatus",36,3.69739129207035e-17,-1.27022996993184e-17,8.66501255407254e-17,0.999999999999925,0.490024330900265,"Stable"
"Buteo lineatus",37,-0.0521460088247095,-0.0921435201754191,-0.0121484974739999,107.793421580426,0.199750040855137,"Decreasing"
