"scientific_name","BCR","slope","lower_CI","upper_CI","intercept","adj_r2","Trend"
"Buteo jamaicensis",18,0.02426795026073,0.000355298795847607,0.0481806017256123,-45.846169273967,0.11932138056734,"Stable"
"Buteo jamaicensis",19,0.0305856397914164,-0.00759913398808095,0.0687704135709137,-57.2730645808271,0.0648244307806173,"Stable"
"Buteo jamaicensis",20,0.0162956277577216,-0.0240822953746991,0.0566735508901423,-30.2479442438828,-0.0124000938259314,"Stable"
"Buteo jamaicensis",21,-0.000701965503409766,-0.0339197166214821,0.0325157856146625,4.10298836742924,-0.0415841102398544,"Stable"
"Buteo jamaicensis",25,-0.00190533493782589,-0.0235054752416246,0.0196948053659728,5.63668271159242,-0.0402301046103695,"Stable"
"Buteo jamaicensis",35,-0.0101784997994384,-0.0371812531512373,0.0168242535523606,22.9933313277175,-0.0160437071021087,"Stable"
"Buteo jamaicensis",36,-0.0146036161335191,-0.044813021240469,0.0156057889734308,31.1932684283734,1.31457522156708e-06,"Stable"
"Buteo jamaicensis",37,0.00782190132370613,-0.0322879937259751,0.0479317963733874,-13.7190132370633,-0.0346828261990724,"Stable"
