"scientific_name","BCR","slope","lower_CI","upper_CI","intercept","adj_r2","Trend"
"Buteo platypterus",19,NA,NA,NA,NA,NA,NA
"Buteo platypterus",20,NA,NA,NA,NA,NA,NA
"Buteo platypterus",21,-0.0120670741263124,-0.0501492986824427,0.0260151504298179,25.6909575301675,-0.0243421456074731,"Stable"
"Buteo platypterus",25,0.0139891696750902,-0.0114285155293965,0.039406854879577,-26.7666967509025,0.0114784632264453,"Stable"
"Buteo platypterus",37,0.0441414374855558,-0.00403860210646411,0.0923214770775757,-87.4099838225098,0.160192707685197,"Stable"
