"scientific_name","BCR","slope","lower_CI","upper_CI","intercept","adj_r2","Trend"
"Butorides virescens",18,-0.0150862068965534,-0.094101995377439,0.0639295815843322,31.8645320197078,-0.0679328304597673,"Stable"
"Butorides virescens",19,-0.0115824308062574,-0.0382353378908593,0.0150704762783444,24.699308062575,-0.00788457681508303,"Stable"
"Butorides virescens",20,0.0015655332206152,-0.0574388934826637,0.0605699599238941,-1.53823032124793,-0.0474671881355664,"Stable"
"Butorides virescens",21,-0.0141897312474931,-0.0275255944188948,-0.000853868076091309,30.4389791415967,0.13262560516669,"Stable"
"Butorides virescens",25,-0.0229141596470118,-0.0440142424458387,-0.00181407684818484,47.9332631367833,0.138632420087541,"Stable"
"Butorides virescens",35,-0.0621592148309707,-0.157943556694027,0.0336251270320859,126.546782988005,0.121046892039254,"Stable"
"Butorides virescens",36,-0.0153430674264009,-0.0506739687773649,0.0199878339245631,32.6654499050335,-0.00810539193110715,"Stable"
"Butorides virescens",37,-0.0748596068993191,-0.237290826880611,0.0875716130819728,156.554402326516,-0.00382422087440948,"Stable"
