"scientific_name","BCR","slope","lower_CI","upper_CI","intercept","adj_r2","Trend"
"Calcarius ornatus",18,-0.145557561171279,-0.314980226377559,0.0238651040350006,298.283945046128,0.0789912280930815,"Stable"
