"scientific_name","BCR","slope","lower_CI","upper_CI","intercept","adj_r2","Trend"
"Camptostoma imberbe",37,0.0130280300039505,-0.124764301393628,0.150820361401529,-23.8764311093618,-0.0795156933936505,"Stable"
