"scientific_name","BCR","slope","lower_CI","upper_CI","intercept","adj_r2","Trend"
"Centronyx henslowii",19,0.00426675094816528,-0.0816702226843028,0.0902037245806333,-6.06431731984509,-0.0617648503433907,"Stable"
"Centronyx henslowii",21,0.03191489361702,-0.266487915154622,0.330317702388662,-62.6808510638271,-0.356382978723414,"Stable"
