"scientific_name","BCR","slope","lower_CI","upper_CI","intercept","adj_r2","Trend"
"Chaetura pelagica",18,0.0033092659446448,-0.0271542771977262,0.0337728090870158,-3.84265944644964,-0.0394895180188743,"Stable"
"Chaetura pelagica",19,-0.135930605695948,-0.209699288697843,-0.0621619226940524,277.014390292818,0.350029625894672,"Decreasing"
"Chaetura pelagica",20,-0.0913056558363424,-0.171253929664191,-0.0113573820084935,186.681558363419,0.154144996323228,"Decreasing"
"Chaetura pelagica",21,-0.143401524267951,-0.184991919258272,-0.101811129277629,292.68190934617,0.665061275514089,"Decreasing"
"Chaetura pelagica",25,-0.205224628961092,-0.261669900461655,-0.148779357460528,419.037956277578,0.688703747859057,"Decreasing"
"Chaetura pelagica",35,0.0397489539748968,-0.044122510105674,0.123620418055468,-78.9539748954003,0.127615062761514,"Stable"
"Chaetura pelagica",36,-0.0326434941687622,-0.141026304519129,0.0757393161816047,69.5060027441102,-0.0261587191107395,"Stable"
"Chaetura pelagica",37,-0.098325310870437,-0.160414048668876,-0.0362365730719981,202.211442037705,0.27917986990303,"Decreasing"
