"scientific_name","BCR","slope","lower_CI","upper_CI","intercept","adj_r2","Trend"
"Charadrius montanus",18,-0.0112314480545525,-0.0564225516956538,0.0339596555865488,25.6478138788604,-0.0303706700600768,"Stable"
