"scientific_name","BCR","slope","lower_CI","upper_CI","intercept","adj_r2","Trend"
"Charadrius wilsonia",37,0.0333139514998111,-0.0278995955918391,0.0945274985914613,-64.6868009713703,0.0135637652963753,"Stable"
