"scientific_name","BCR","slope","lower_CI","upper_CI","intercept","adj_r2","Trend"
"Chlidonias niger",18,-0.336734693877558,-3.70527431241262,3.03180492465751,677.377551020421,0.234693877550943,"Stable"
"Chlidonias niger",19,0.0255465175394003,-0.101207459182109,0.15230049426091,-47.4436959837319,-0.0372178714241622,"Stable"
