"scientific_name","BCR","slope","lower_CI","upper_CI","intercept","adj_r2","Trend"
"Chordeiles acutipennis",18,0.124619031493399,-0.290975300558256,0.540213363545053,-245.549949204203,-0.0493568677835359,"Stable"
"Chordeiles acutipennis",19,0.0324427480916036,-0.0405447869037103,0.105430283086917,-63.7251908396957,0.094704198473279,"Stable"
"Chordeiles acutipennis",20,0.200000000000007,-0.159270130408707,0.55927013040872,-398.400000000013,0.217391304347838,"Stable"
"Chordeiles acutipennis",21,0.168266516092599,0.0330798756295044,0.303453156555694,-334.249576510438,0.214696764963038,"Increasing"
"Chordeiles acutipennis",35,0.0529482551143196,-0.0554388989454456,0.161335409174085,-94.4825511432,0.000661153555535754,"Stable"
"Chordeiles acutipennis",36,-0.292072322670376,-0.449805546553404,-0.134339098787348,596.025368567457,0.362934839554132,"Decreasing"
"Chordeiles acutipennis",37,-0.00562075791855239,-0.0988198111060916,0.0875782952689868,13.5195135746613,-0.046834912211889,"Stable"
