"scientific_name","BCR","slope","lower_CI","upper_CI","intercept","adj_r2","Trend"
"Cistothorus palustris",18,-0.202702702702701,-0.342991456452186,-0.0624139489532169,410.283783783781,0.621621621621626,"Decreasing"
"Cistothorus palustris",19,-0.793922984356202,-1.45866270574734,-0.129183262965062,1609.97984356198,0.168777245670517,"Decreasing"
"Cistothorus palustris",37,-0.178650220617731,-0.475770132805725,0.118469691570264,368.210539510632,0.0211432466628946,"Stable"
