"scientific_name","BCR","slope","lower_CI","upper_CI","intercept","adj_r2","Trend"
"Cistothorus stellaris",19,0.0117656475108059,-0.0946737861098407,0.118205081131452,-21.8716984152408,-0.0722195604939313,"Stable"
