"scientific_name","BCR","slope","lower_CI","upper_CI","intercept","adj_r2","Trend"
"Colaptes auratus cafer",18,0.030585639791416,-0.0303572489874603,0.0915285285702922,-58.7730645808263,0.00290816196665622,"Stable"
"Colaptes auratus cafer",19,-0.0119829918824894,-0.060787393038503,0.0368214092735243,25.7570545032857,-0.0401786879765007,"Stable"
"Colaptes auratus cafer",35,-0.013638186923385,-0.10725384635643,0.07997747250966,32.2152025671872,-0.0377575589664891,"Stable"
