"scientific_name","BCR","slope","lower_CI","upper_CI","intercept","adj_r2","Trend"
"Colinus virginianus",18,0.112264340152428,-0.0822400041375664,0.306768684442422,-215.185068190937,0.0164861784196945,"Stable"
"Colinus virginianus",19,-0.244083433614117,-0.799863110490067,0.311696243261833,530.667669474524,-0.00718824415608399,"Stable"
"Colinus virginianus",20,-0.370738066586442,-0.601171759125699,-0.140304374047185,755.963999197754,0.286245079278171,"Decreasing"
"Colinus virginianus",21,-0.417719614921781,-0.641008276417624,-0.194430953425938,856.57114921781,0.357455054582223,"Decreasing"
"Colinus virginianus",25,-0.136181307661452,-0.221950750339838,-0.0504118649830665,279.479743281188,0.280338863010605,"Decreasing"
"Colinus virginianus",35,0.0219113517849978,-0.364738045014035,0.408560748584031,-36.0718511833129,-0.041073262738468,"Stable"
"Colinus virginianus",36,0.478991175290817,-0.0468596716506751,1.00484202223231,-929.203419574814,0.0920424093904626,"Stable"
"Colinus virginianus",37,-0.204873646209386,-0.527591570307555,0.117844277888782,430.486462093863,0.0278702916011716,"Stable"
