"scientific_name","BCR","slope","lower_CI","upper_CI","intercept","adj_r2","Trend"
"Columba livia",18,0.0750100280786208,-0.0736036121837298,0.223623668340971,-138.433614119536,0.00339525588120704,"Stable"
"Columba livia",19,0.0226133172884077,-0.0636563265552172,0.108882961132032,-39.1748395507423,-0.0291166985417015,"Stable"
"Columba livia",20,0.777765486725663,-1.4390068101099,2.99453778356123,-1538.3282079646,-0.0283272617271177,"Stable"
"Columba livia",21,-0.198204973926997,-0.436605883544586,0.0401959356905913,407.008072603293,0.0721618232701974,"Stable"
"Columba livia",25,-0.264891696750904,-0.493771786721114,-0.0360116067806939,544.791967509029,0.158406366366866,"Decreasing"
"Columba livia",35,0.406438026474132,-0.834554566296468,1.64743061924473,-799.630264741284,-0.0222061558300295,"Stable"
"Columba livia",36,-0.260128359406341,-0.700495309584606,0.180238590771924,533.950260730051,0.0190829718008879,"Stable"
"Columba livia",37,-0.125902527075814,-0.36395533343134,0.112150279279713,260.400270758126,0.00760230361799463,"Stable"
