"scientific_name","BCR","slope","lower_CI","upper_CI","intercept","adj_r2","Trend"
"Columbina passerina",19,-0.139462163852399,-0.343346765481979,0.0644224377771812,282.151969981221,0.122372841884988,"Stable"
"Columbina passerina",20,-0.148114721219415,-0.259213680243031,-0.0370157621957995,302.230545527479,0.208134013018495,"Decreasing"
"Columbina passerina",21,-0.40503409546731,-0.518242360219514,-0.291825830715106,822.424288006421,0.681634086548732,"Decreasing"
"Columbina passerina",25,NA,NA,NA,NA,NA,NA
"Columbina passerina",35,-0.00175029171528676,-0.100745102022626,0.0972445185920522,5.66327721287057,-0.0525557149101732,"Stable"
"Columbina passerina",36,-0.235308864821501,-0.33214426617132,-0.138473463471681,481.88031488167,0.491381150856936,"Decreasing"
"Columbina passerina",37,-0.216807059767351,-0.44607464925768,0.0124605297229771,444.237264340158,0.101018186007518,"Stable"
