"scientific_name","BCR","slope","lower_CI","upper_CI","intercept","adj_r2","Trend"
"Columbina inca",18,-0.00982640026203754,-0.0763787496761969,0.0567259491521219,21.4418604651167,-0.0805351786089921,"Stable"
"Columbina inca",19,-0.0245886254145033,-0.082949610043915,0.0337723592149085,51.4876431208166,-0.0106720098481412,"Stable"
"Columbina inca",20,-0.118130766145207,-0.152879643464216,-0.0833818888261986,240.474328118733,0.65860528642841,"Decreasing"
"Columbina inca",21,-0.171379863618131,-0.215699991611903,-0.127059735624358,348.215302847974,0.714915754606797,"Decreasing"
"Columbina inca",25,-0.0539009225832329,-0.0805925415612462,-0.0272093036052196,110.550892498997,0.395708724161948,"Decreasing"
"Columbina inca",35,0.00912356321839184,-0.0843762030215192,0.102623329458303,-16.2879310344848,-0.0478293895536614,"Stable"
"Columbina inca",36,-0.120136381869235,-0.190645900775297,-0.0496268629631729,245.697152025674,0.312545248767827,"Decreasing"
"Columbina inca",37,-0.0685419173686324,-0.117768871657516,-0.019314963079749,141.127507019655,0.22500227983527,"Decreasing"
