"scientific_name","BCR","slope","lower_CI","upper_CI","intercept","adj_r2","Trend"
"Contopus cooperi",35,0.0273224043715847,-0.0397305174515844,0.0943753261947538,-53.5500910746812,-0.00903312144529944,"Stable"
