"scientific_name","BCR","slope","lower_CI","upper_CI","intercept","adj_r2","Trend"
"Contopus virens",18,NA,NA,NA,NA,NA,NA
"Contopus virens",19,0.000401123144805323,-0.0343877951446435,0.0351900414342542,1.65543521861238,-0.0416420880425978,"Stable"
"Contopus virens",20,-0.172884075411152,-0.258926182359617,-0.0868419684626863,351.50742077818,0.393166646254705,"Decreasing"
"Contopus virens",21,-0.0265744083433615,-0.0657454235844391,0.0125966068977161,56.8274167669476,0.036999756601773,"Stable"
"Contopus virens",25,-0.0620738066586441,-0.0882768632517454,-0.0358707500655429,129.821399919775,0.478134284655037,"Decreasing"
"Contopus virens",35,-0.0226472068444889,-0.0910357483555252,0.0457413346665474,46.9008555611469,-0.048565676899853,"Stable"
"Contopus virens",36,NA,NA,NA,NA,NA,NA
"Contopus virens",37,-0.034488213890207,-0.154288870108845,0.0853124423284309,70.8626799557027,-0.0662622607182415,"Stable"
