"scientific_name","BCR","slope","lower_CI","upper_CI","intercept","adj_r2","Trend"
"Contopus sordidulus",18,0.0406137184115519,-0.0188704452631401,0.100097882086244,-76.8871841155226,0.0379333911956938,"Stable"
"Contopus sordidulus",19,0.443630214205139,-0.0329346273345067,0.920195055744785,-889.517474633502,0.440618309320105,"Stable"
"Contopus sordidulus",35,-0.126955475330927,-0.186956963131205,-0.0669539875306483,260.054753309267,0.419552432762146,"Decreasing"
