"scientific_name","BCR","slope","lower_CI","upper_CI","intercept","adj_r2","Trend"
"Coragyps atratus",19,-0.109005214600881,-0.278429882738519,0.0604194535367561,225.635479342156,0.0296261541944379,"Stable"
"Coragyps atratus",20,0.179502607300441,0.0285246106776239,0.330480603923258,-351.192739671078,0.167258158465841,"Increasing"
"Coragyps atratus",21,0.129412354592861,0.0228301389826874,0.235994570203034,-249.415212595268,0.174372145816629,"Increasing"
"Coragyps atratus",25,0.122492980344967,0.0507264475306812,0.194259513159252,-239.471470116327,0.313366494616973,"Increasing"
"Coragyps atratus",35,0.102750924083026,-0.0360198245390191,0.241521672705071,-201.721140176288,0.0586645243548111,"Stable"
"Coragyps atratus",36,0.237866024869636,0.0456878919225512,0.430044157816721,-471.826915363019,0.18102057520712,"Increasing"
"Coragyps atratus",37,0.202868030485361,-0.030490550346847,0.436226611317569,-393.763638186927,0.0815327886863252,"Stable"
