"scientific_name","BCR","slope","lower_CI","upper_CI","intercept","adj_r2","Trend"
"Corthylio calendula",35,-0.0461620820293209,-0.22793207174006,0.135607907681418,96.7712073793467,-0.0412395512499495,"Stable"
