"scientific_name","BCR","slope","lower_CI","upper_CI","intercept","adj_r2","Trend"
"Corvus corax",18,0.144153630164461,0.0634670943861067,0.224840165942815,-282.077968311272,0.335043708844916,"Increasing"
"Corvus corax",19,-0.0998883928571502,-0.225860446944373,0.0260836612300727,203.864397321443,0.0969755401176891,"Stable"
"Corvus corax",20,0.059316085038107,-0.0233733886638044,0.142005558740018,-114.702517047734,0.0455065203240911,"Stable"
"Corvus corax",21,0.0974088291746574,-0.12531831986969,0.320135978219005,-194.417946257184,0.0421305182341603,"Stable"
"Corvus corax",35,-0.00441235459286,-0.0611404025226918,0.0523156933369718,13.7902125952667,-0.0405493577228027,"Stable"
"Corvus corax",36,NA,NA,NA,NA,NA,NA
