"scientific_name","BCR","slope","lower_CI","upper_CI","intercept","adj_r2","Trend"
"Corvus ossifragus",19,-0.0882352941176457,-0.213578118382274,0.0371075301469825,179.16176470588,0.219362745098039,"Stable"
"Corvus ossifragus",21,0.0034331715401919,-0.0861697165951091,0.0930360596754929,-3.9837220314907,-0.0451545814229357,"Stable"
"Corvus ossifragus",25,-0.0578620136381873,-0.115493956320297,-0.000230070956077535,121.203469715203,0.116412792941449,"Decreasing"
"Corvus ossifragus",37,-0.286151223425593,-0.446728261673792,-0.125574185177393,583.553900922585,0.333812730403619,"Decreasing"
