"scientific_name","BCR","slope","lower_CI","upper_CI","intercept","adj_r2","Trend"
"Corvus cryptoleucus",18,-0.0795226634576811,-0.262309761648344,0.103264434732982,172.309967910148,-0.00781070302262377,"Stable"
"Corvus cryptoleucus",19,-0.100982751704773,-0.222859391313039,0.0208938879034926,206.7441837144,0.0714726646269539,"Stable"
"Corvus cryptoleucus",20,-0.0494876571960887,-0.148534400401115,0.0495590860089379,102.027480204939,0.0140382143904529,"Stable"
"Corvus cryptoleucus",21,0.0543478260869561,-0.0960397947384731,0.204735446912385,-107.586956521738,-0.0233695652173864,"Stable"
"Corvus cryptoleucus",35,-0.091807059767349,-0.224294354383835,0.0406802348491374,194.612264340153,0.0401379771247057,"Stable"
"Corvus cryptoleucus",36,-0.237830319888742,-0.396435727934793,-0.0792249118426911,484.678942976372,0.264305329405342,"Decreasing"
"Corvus cryptoleucus",37,-0.235294117647138,-0.86298044504327,0.392392209748994,475.245098039376,0.0163706992232084,"Stable"
