"scientific_name","BCR","slope","lower_CI","upper_CI","intercept","adj_r2","Trend"
"Corvus brachyrhynchos",18,-0.192238267148016,-0.318061112253841,-0.0664154220421914,393.632671480148,0.263481019908211,"Decreasing"
"Corvus brachyrhynchos",19,-0.670076213397514,-0.936524396764131,-0.403628030030897,1366.09546730847,0.509227725026104,"Decreasing"
"Corvus brachyrhynchos",20,0.326313678299238,0.054398154929265,0.598229201669212,-645.303449659046,0.170386133448707,"Increasing"
"Corvus brachyrhynchos",21,-0.934667067789815,-1.132937768728,-0.73639636685163,1918.12901123146,0.789316713343612,"Decreasing"
"Corvus brachyrhynchos",25,-1.18145808263137,-1.50520043845487,-0.857715726807877,2424.12249298035,0.690326530553809,"Decreasing"
"Corvus brachyrhynchos",35,-0.0109899328859085,-0.125724056587075,0.103744190815258,25.1206375838975,-0.0504095057754987,"Stable"
"Corvus brachyrhynchos",36,NA,NA,NA,NA,NA,NA
"Corvus brachyrhynchos",37,-0.362665463297234,-0.531769892349024,-0.193561034245443,748.779632972325,0.426500488311503,"Decreasing"
