"scientific_name","BCR","slope","lower_CI","upper_CI","intercept","adj_r2","Trend"
"Cyanocitta cristata",18,-0.00511432009626969,-0.0327755267385724,0.0225468865460331,12.3932009626958,-0.0353846260859887,"Stable"
"Cyanocitta cristata",19,-0.011682711592459,-0.102523638304424,0.0791582151195065,33.7854492579223,-0.0386177511189034,"Stable"
"Cyanocitta cristata",20,0.000925953582838402,-0.130344530011485,0.132196437177162,1.4314645001436,-0.0454443762529717,"Stable"
"Cyanocitta cristata",21,-0.102837946249499,-0.151085838032536,-0.0545900544664613,214.08779582832,0.423325898936772,"Decreasing"
"Cyanocitta cristata",25,-0.0855896510228632,-0.194153674242825,0.0229743721970989,191.271510228639,0.0618281298141401,"Stable"
"Cyanocitta cristata",36,0.0287292817679597,-0.0955488747486409,0.15300743828456,-56.0265193370243,-0.133287292817655,"Stable"
"Cyanocitta cristata",37,-0.00531488166867173,-0.151259323789362,0.140629560452018,24.0654833533884,-0.041421532365254,"Stable"
