"scientific_name","BCR","slope","lower_CI","upper_CI","intercept","adj_r2","Trend"
"Cyanocitta stelleri",18,-0.300356558335285,-0.456910934148838,-0.143802182521732,610.112725040923,0.380668630842893,"Decreasing"
"Cyanocitta stelleri",35,-0.0902025671881292,-0.737034181500819,0.556629047124561,202.234005214606,-0.0380836146710704,"Stable"
