"scientific_name","BCR","slope","lower_CI","upper_CI","intercept","adj_r2","Trend"
"Cyanocorax yncas",21,-0.132921361928993,-0.306182914541626,0.0403401906836412,271.553374530468,0.0825611512955164,"Stable"
"Cyanocorax yncas",35,NA,NA,NA,NA,NA,NA
"Cyanocorax yncas",36,0.100835265347605,0.0402672858606461,0.161403244834564,-199.933432845304,0.321948670392609,"Increasing"
"Cyanocorax yncas",37,0.0246189330124344,-0.049054383525515,0.0982922495503838,-45.3976634576807,-0.0214230035686211,"Stable"
