"scientific_name","BCR","slope","lower_CI","upper_CI","intercept","adj_r2","Trend"
"Cygnus buccinator",19,0.0113871635610782,-0.147096435650491,0.169870762772647,-19.4289976860342,-0.0650014470491322,"Stable"
