"scientific_name","BCR","slope","lower_CI","upper_CI","intercept","adj_r2","Trend"
"Dendrocygna autumnalis",18,NA,NA,NA,NA,NA,NA
"Dendrocygna autumnalis",19,-0.0930232558139565,-1.62845061682062,1.44240410519271,190.534883720936,-0.255813953488426,"Stable"
"Dendrocygna autumnalis",20,-0.0119287151480307,-0.102708245362372,0.0788508150663108,26.4097441793613,-0.0653841064878722,"Stable"
"Dendrocygna autumnalis",21,-0.0804753309265947,-0.216506692591932,0.0555560307387429,167.378309265945,0.0192546346205871,"Stable"
"Dendrocygna autumnalis",25,-0.0216565349544013,-0.200986741066925,0.157673671158122,46.2393617021156,-0.0713138867596206,"Stable"
"Dendrocygna autumnalis",36,-0.0397613317288428,-0.389548415201719,0.310025751744033,90.9049839550783,-0.0392831748865374,"Stable"
"Dendrocygna autumnalis",37,-0.036050942639392,-0.378323311707905,0.306221426429121,89.2177597272397,-0.0396196117830963,"Stable"
