"scientific_name","BCR","slope","lower_CI","upper_CI","intercept","adj_r2","Trend"
"Dendrocygna bicolor",21,0.21294363256786,-1.33852675366944,1.76441401880516,-423.974947807954,-0.20620917233484,"Stable"
"Dendrocygna bicolor",25,0.0350175087543767,-0.241842022505078,0.311877040013832,-66.1570785392687,-0.148334851186277,"Stable"
"Dendrocygna bicolor",36,-0.100902034822749,-1.12714198456162,0.925337914916119,216.688315502431,-0.0530592244922703,"Stable"
"Dendrocygna bicolor",37,-0.108353389490576,-0.681941881167818,0.465235102186665,237.825561572409,-0.0351107050908186,"Stable"
