"scientific_name","BCR","slope","lower_CI","upper_CI","intercept","adj_r2","Trend"
"Dolichonyx oryzivorus",18,0.0535238253915357,-0.0809600371402046,0.188007687923276,-104.694226924358,-0.0155424311755166,"Stable"
"Dolichonyx oryzivorus",19,0.224077416766948,0.0356748871238871,0.41247994641001,-440.23250100281,0.167376831899526,"Increasing"
