"scientific_name","BCR","slope","lower_CI","upper_CI","intercept","adj_r2","Trend"
"Dryobates scalaris",18,0.0178499799438428,-0.00489755300153029,0.040597512889216,-33.8331327717611,0.060959187015634,"Stable"
"Dryobates scalaris",19,0.0279281989570797,-0.0115289873450475,0.0673853852592069,-53.2403229041314,0.0433946129652956,"Stable"
"Dryobates scalaris",20,0.0248194945848376,-0.0306475847378909,0.0802865739075661,-45.5699458483756,-0.00591931500379839,"Stable"
"Dryobates scalaris",21,0.0187023666265539,-0.0270309520485906,0.0644356853016984,-33.8153329322093,-0.0116391927009967,"Stable"
"Dryobates scalaris",35,0.00601684717208173,-0.0209602228860357,0.0329939172301991,-9.6684717208181,-0.0325502315574522,"Stable"
"Dryobates scalaris",36,0.0533493782591254,-0.00963249561731782,0.116331252135569,-102.327115924589,0.0760027746013865,"Stable"
"Dryobates scalaris",37,-0.0526975531488174,-0.125959189295713,0.0205640829980787,110.017198154835,0.0459458497206523,"Stable"
