"scientific_name","BCR","slope","lower_CI","upper_CI","intercept","adj_r2","Trend"
"Dryobates villosus",18,-0.0599303135888516,-0.161447096162546,0.0415864689848429,123.26829268293,0.0212320883656332,"Stable"
"Dryobates villosus",19,-0.0253208985158444,-0.0497778916276385,-0.000863905404050378,52.5006518251104,0.124831429042987,"Stable"
"Dryobates villosus",21,-0.00413540103385013,-0.0377236222859507,0.0294528202182505,9.67146906786702,-0.0465485306755944,"Stable"
"Dryobates villosus",25,-0.00471319695146431,-0.031736243238853,0.0223098493359244,11.0486361813081,-0.0360727207899287,"Stable"
"Dryobates villosus",35,-0.0693943040513441,-0.186232103622526,0.047443495519838,143.609707180105,0.019709686098581,"Stable"
"Dryobates villosus",37,-0.0314975480950559,-0.116513367483328,0.0535182712932165,65.104300264046,-0.0263452833473641,"Stable"
