"scientific_name","BCR","slope","lower_CI","upper_CI","intercept","adj_r2","Trend"
"Dryocopus pileatus",19,0.0546762589928065,0.0154982350264049,0.0938542829592081,-108.873381294966,0.412775234357973,"Increasing"
"Dryocopus pileatus",21,0.0263738467709586,0.00402454862041527,0.0487231449215019,-51.1551343762533,0.164771479189347,"Stable"
"Dryocopus pileatus",25,-0.0310369033293224,-0.0641604837480484,0.0020866770894036,66.4106999598883,0.0987707833395507,"Stable"
"Dryocopus pileatus",37,-0.00757119935820292,-0.0606728566685555,0.0455304579521496,17.7536602486963,-0.0379217403593797,"Stable"
