"scientific_name","BCR","slope","lower_CI","upper_CI","intercept","adj_r2","Trend"
"Dryobates pubescens",18,-0.00155435218612101,-0.0328351482097147,0.0297264438374727,4.58518852787779,-0.0412103700968776,"Stable"
"Dryobates pubescens",19,0.000651825110308731,-0.0267691675462102,0.0280728177668276,1.19008223024495,-0.0415622075143738,"Stable"
"Dryobates pubescens",20,-1.50701657537688e-17,-4.66666659533561e-17,1.65263344458184e-17,1.00000000000003,0.455234486025576,"Stable"
"Dryobates pubescens",21,-0.0345467308463702,-0.0720678800568302,0.00297441836408984,73.4256417970323,0.0945667213435726,"Stable"
"Dryobates pubescens",25,-0.0272262334536703,-0.0632368408412797,0.00878437393393901,58.1373345367029,0.0542824816026924,"Stable"
"Dryobates pubescens",35,-0.0466549295774644,-0.114025754597225,0.0207158954422967,94.8644366197175,0.49090375586857,"Stable"
"Dryobates pubescens",37,0.00787204171680715,-0.0401618503954421,0.0559059338290564,-13.0120838347375,-0.0367246059279482,"Stable"
