"scientific_name","BCR","slope","lower_CI","upper_CI","intercept","adj_r2","Trend"
"Dumetella carolinensis",18,-2.51139351701482e-17,-6.07963609939418e-17,1.05684906536454e-17,1.00000000000005,0.443578795798389,"Stable"
"Dumetella carolinensis",19,0.0507420778178904,0.0163840194473624,0.0851001361884183,-98.5874448455681,0.249043154164996,"Increasing"
"Dumetella carolinensis",21,-0.0540785498489419,-0.100091643025333,-0.00806545667255094,110.141087613292,0.280086527717197,"Decreasing"
"Dumetella carolinensis",25,0.0266746891295627,-0.00809021011175371,0.0614395883708792,-51.9135579622943,0.0568814903953283,"Stable"
"Dumetella carolinensis",35,NA,NA,NA,NA,NA,NA
"Dumetella carolinensis",37,-0.0281585772508348,-0.153504912668035,0.0971877581663654,58.2486105965195,-0.0621285510743201,"Stable"
