"scientific_name","BCR","slope","lower_CI","upper_CI","intercept","adj_r2","Trend"
"Egretta caerulea",18,NA,NA,NA,NA,NA,NA
"Egretta caerulea",19,-0.112815884476535,-0.239175325304281,0.0135435563512115,229.408844765344,0.0874408671428444,"Stable"
"Egretta caerulea",21,-0.0586141195346973,-0.115800617849686,-0.00142762121970848,121.099528680305,0.122037236563601,"Decreasing"
"Egretta caerulea",25,-0.201915363016447,-0.26013568121036,-0.143695044822533,409.695296831128,0.667707606493603,"Decreasing"
"Egretta caerulea",36,-0.0542168674698804,-0.12302221270515,0.0145884777653894,110.593975903616,0.119379374260971,"Stable"
"Egretta caerulea",37,-0.0787204171680683,-0.497282463921104,0.339841629584967,174.120838347368,-0.035167894216207,"Stable"
