"scientific_name","BCR","slope","lower_CI","upper_CI","intercept","adj_r2","Trend"
"Egretta tricolor",21,0.0816326530612282,-1.08961524200143,1.25288054812388,-159.627551020415,-0.161038561315569,"Stable"
"Egretta tricolor",25,0.0221617418351478,-0.0515551007226774,0.0958785843929729,-43.0905909797823,-0.0491497757155896,"Stable"
"Egretta tricolor",36,0.0510652138559112,-0.00391726468949473,0.106047692401317,-100.841925516343,0.284972427150019,"Stable"
"Egretta tricolor",37,-0.146159245888489,-0.493539854376222,0.201221362599244,303.800792218214,-0.00993447303218797,"Stable"
