"scientific_name","BCR","slope","lower_CI","upper_CI","intercept","adj_r2","Trend"
"Egretta thula",18,0.0944787379972583,-0.0406873799076604,0.229644855902177,-187.407407407411,0.102255230562107,"Stable"
"Egretta thula",19,0.266843598906876,-0.0588017944149427,0.592488992228694,-531.816875131389,0.0724075586699637,"Stable"
"Egretta thula",20,NA,NA,NA,NA,NA,NA
"Egretta thula",21,0.0501403931006818,-0.061473648855745,0.161754435057109,-98.0705976734855,-0.00564626932422319,"Stable"
"Egretta thula",25,-0.236512832450681,-0.432595421397203,-0.0404302435041587,479.222661933312,0.178813170924969,"Decreasing"
"Egretta thula",35,-0.14359488207185,-0.764835833312985,0.477646069169286,298.424078927113,-0.037935439554821,"Stable"
"Egretta thula",36,-0.0575301204819254,-0.202804998540274,0.0877447575764235,118.290662650598,-0.0183002159946539,"Stable"
"Egretta thula",37,-0.077717609306058,-0.805401086931877,0.649965868319761,175.759426393905,-0.0395620659422409,"Stable"
