"scientific_name","BCR","slope","lower_CI","upper_CI","intercept","adj_r2","Trend"
"Elanus leucurus",19,NA,NA,NA,NA,NA,NA
"Elanus leucurus",20,-0.0564971751412429,-0.48033510594638,0.367340755663894,114.988700564972,-0.288135593220339,"Stable"
"Elanus leucurus",21,-0.0235030777839953,-0.0875064833151327,0.040500327747142,48.4482372691658,-0.0324566312255188,"Stable"
"Elanus leucurus",25,-0.0786163522012584,-0.110347846183435,-0.046884858219082,160.097484276731,0.974056603773585,"Decreasing"
"Elanus leucurus",35,0,0,0,1,NA,"Stable"
"Elanus leucurus",36,-0.0230142566191446,-0.0947508561147134,0.0487223428764242,47.6932790224032,-0.0363799056878258,"Stable"
"Elanus leucurus",37,0.0060255292158877,-0.0688316153461241,0.0808826737778995,-10.2946166653439,-0.0510614084676584,"Stable"
