"scientific_name","BCR","slope","lower_CI","upper_CI","intercept","adj_r2","Trend"
"Elanoides forficatus",21,NA,NA,NA,NA,NA,NA
"Elanoides forficatus",25,-0.107359221372526,-0.22444776986656,0.0097293271215089,217.580593902068,0.18704644049247,"Stable"
"Elanoides forficatus",37,-0.154340836012862,-0.533977323103063,0.22529565107734,312.944265809217,0.051971200894699,"Stable"
