"scientific_name","BCR","slope","lower_CI","upper_CI","intercept","adj_r2","Trend"
"Empidonax virescens",20,-0.0544343101106154,-0.106509850416427,-0.00235876980480353,110.803318455269,0.263493013215351,"Decreasing"
"Empidonax virescens",21,-0.0154410556863605,-0.0995045546365796,0.0686224432638586,33.1054043694904,-0.0369686642029845,"Stable"
"Empidonax virescens",25,-0.0219614921780987,-0.043135809186914,-0.00078717516928329,47.3649217809867,0.12533218010429,"Stable"
"Empidonax virescens",37,-0.0142466377934799,-0.0580454753226518,0.029552199735692,29.9907681787081,-0.042341007522229,"Stable"
