"scientific_name","BCR","slope","lower_CI","upper_CI","intercept","adj_r2","Trend"
"Empidonax difficilis occidentalis",18,-0.0589924301748876,-0.17458205433091,0.0565971939811352,121.316888540848,0.00700293373874072,"Stable"
"Empidonax difficilis occidentalis",35,-0.777756868648861,-1.24919810275721,-0.306315634540508,1586.55520010038,0.31762258122343,"Decreasing"
