"scientific_name","BCR","slope","lower_CI","upper_CI","intercept","adj_r2","Trend"
"Empidonax oberholseri",18,-0.0328109696376108,-0.0824136891306275,0.0167917498554059,67.0132223310492,0.239666993144016,"Stable"
"Empidonax oberholseri",35,-0.0726190476190502,-0.375693722188174,0.230455626950074,148.270833333338,-0.10344886170574,"Stable"
