"scientific_name","BCR","slope","lower_CI","upper_CI","intercept","adj_r2","Trend"
"Empidonax wrightii",35,-0.00569727266044557,-0.0864341164736664,0.0750395711527753,14.8331618025496,-0.0465458126299785,"Stable"
