"scientific_name","BCR","slope","lower_CI","upper_CI","intercept","adj_r2","Trend"
"Empidonax traillii",18,-0.0758620689655172,-0.178653974279324,0.0269298363482895,154.206896551724,0.751724137931034,"Stable"
"Empidonax traillii",19,-0.0161673799334285,-0.0562031247465909,0.0238683648797339,34.1673799334286,-0.0127501971451611,"Stable"
"Empidonax traillii",25,NA,NA,NA,NA,NA,NA
