"scientific_name","BCR","slope","lower_CI","upper_CI","intercept","adj_r2","Trend"
"Eremophila alpestris",18,-0.0421179302045718,-0.638295792794718,0.554059932385574,193.679302045726,-0.0407447492210702,"Stable"
"Eremophila alpestris",19,0.130014039310066,-0.274150502170906,0.534178580791039,-233.932059767345,-0.0228798089735749,"Stable"
"Eremophila alpestris",21,0.00278164116829498,-0.0714158613344015,0.0769791436709915,-2.83109874827292,-0.043205461801082,"Stable"
"Eremophila alpestris",25,-0.381818181818119,-1.10974273384022,0.346106370203984,770.76363636351,0.0391956373551193,"Stable"
"Eremophila alpestris",35,-0.194945848375451,-0.368291607895601,-0.0216000888552998,403.958483754511,0.149294921414254,"Decreasing"
"Eremophila alpestris",36,-0.342244031053175,-1.72900700256517,1.04451894045882,716.085030027838,-0.0362683440047831,"Stable"
"Eremophila alpestris",37,-0.24423247559894,-0.413061085471514,-0.0754038657263655,496.441659272414,0.248956609430919,"Decreasing"
