"scientific_name","BCR","slope","lower_CI","upper_CI","intercept","adj_r2","Trend"
"Eudocimus albus",21,-0.672298717679223,-3.55597189510742,2.21137445974897,1385.17082720204,-0.0330311714721123,"Stable"
"Eudocimus albus",25,0.0416165262735645,-0.637243922279034,0.720476974826163,-71.2485960689903,-0.0409723217224878,"Stable"
"Eudocimus albus",36,0.0570469798657718,-0.318074486673708,0.432168446405251,-111.39932885906,-0.235509456985967,"Stable"
"Eudocimus albus",37,0.782942238267157,-2.95498545613586,4.52086993267018,-1488.7973826715,-0.0336180141433018,"Stable"
