"scientific_name","BCR","slope","lower_CI","upper_CI","intercept","adj_r2","Trend"
"Euphagus cyanocephalus",18,-0.1175792218211,-0.234047727622282,-0.00111071601991802,244.750551544326,0.117895413871806,"Decreasing"
"Euphagus cyanocephalus",19,0.274436090225606,-4.77246361894747,5.32133579939868,-545.394736842189,-0.353747271404184,"Stable"
"Euphagus cyanocephalus",21,NA,NA,NA,NA,NA,NA
"Euphagus cyanocephalus",35,0.0683101650738497,-0.0800500076489317,0.216670337796631,-133.143136403129,-0.00357678521355131,"Stable"
