"scientific_name","BCR","slope","lower_CI","upper_CI","intercept","adj_r2","Trend"
"Falco sparverius",18,-0.0543020457280388,-0.076058854809116,-0.0325452366469615,111.895457280386,0.505293113127474,"Decreasing"
"Falco sparverius",19,-0.00596670677898131,-0.0325302313881563,0.0205968178301937,14.3754011231451,-0.0324213788190262,"Stable"
"Falco sparverius",20,0.177419354838723,-0.177545035071243,0.532383744748688,-356.935483870994,0.951612903225852,"Stable"
"Falco sparverius",21,0.0202643938076188,-0.00922579840661665,0.0497545860218543,-39.4037223865023,0.0539810395437456,"Stable"
"Falco sparverius",25,0.00924050993925201,-0.0271112996035692,0.0455923194820733,-17.0668796166896,-0.0324128257448288,"Stable"
"Falco sparverius",35,-0.0125350982751706,-0.0379998667133203,0.0129296701629791,27.2676494183717,0.00128528740121514,"Stable"
"Falco sparverius",36,0.0613624544981789,-0.0418265835193237,0.164551492515681,-121.405096203846,0.0496186514127246,"Stable"
"Falco sparverius",37,NA,NA,NA,NA,NA,NA
