"scientific_name","BCR","slope","lower_CI","upper_CI","intercept","adj_r2","Trend"
"Falco mexicanus",18,-0.0180505415162454,-0.0398708462793274,0.00376976324683656,37.5054151624547,0.0711492178098656,"Stable"
"Falco mexicanus",19,2.28836947087037e-17,-3.07962230229807e-17,7.65636124403881e-17,0.999999999999954,0.367877492877483,"Stable"
"Falco mexicanus",35,2.97958326614249e-17,-4.50381605337136e-18,6.40954813762212e-17,0.99999999999994,0.498438760633538,"Stable"
