"scientific_name","BCR","slope","lower_CI","upper_CI","intercept","adj_r2","Trend"
"Fregata magnificens",37,-0.0476190476190485,-0.759504564678099,0.664266469440002,97.9619047619065,-0.313492063492063,"Stable"
