"scientific_name","BCR","slope","lower_CI","upper_CI","intercept","adj_r2","Trend"
"Fulica americana",18,-0.186151805283197,-0.446814554946334,0.074510944379941,380.518975660407,0.051956132122957,"Stable"
"Fulica americana",19,-0.326263537906134,-0.582285843825853,-0.0702412319864146,661.010379061366,0.191400208273523,"Decreasing"
"Fulica americana",21,-0.173897368104795,-0.506680133369902,0.158885397160312,352.710731883187,0.0222841079497386,"Stable"
"Fulica americana",25,NA,NA,NA,NA,NA,NA
"Fulica americana",35,-0.694901315789469,-1.46393395234095,0.0741313207620111,1402.06208881578,0.155214872469595,"Stable"
"Fulica americana",36,0.00627769571639707,-0.433865138195714,0.446420529628508,-7.70088626292709,-0.0908113661856225,"Stable"
"Fulica americana",37,-2.31124138305384,-5.52108952601321,0.898606759905529,4682.21028062758,0.0483253054738606,"Stable"
