"scientific_name","BCR","slope","lower_CI","upper_CI","intercept","adj_r2","Trend"
"Gallinula galeata",19,NA,NA,NA,NA,NA,NA
"Gallinula galeata",21,-0.00239390642002364,-0.301307271661644,0.296519458821596,7.89009793253913,-0.0999649742833346,"Stable"
"Gallinula galeata",25,0.0490123587197629,-0.170787172385353,0.268811889824879,-96.0875673391773,-0.0735000975735531,"Stable"
"Gallinula galeata",35,NA,NA,NA,NA,NA,NA
"Gallinula galeata",36,-0.000529520783690321,-0.172960965823996,0.171901924256615,3.52501985702851,-0.0909045602499792,"Stable"
"Gallinula galeata",37,-0.351233453670276,-0.618923014438946,-0.0835438929016049,715.959536702765,0.202129443416593,"Decreasing"
