"scientific_name","BCR","slope","lower_CI","upper_CI","intercept","adj_r2","Trend"
"Gallinago delicata",18,-0.0460790212595269,-0.108665225798819,0.0165071832797651,95.3318792619339,0.0497552256854602,"Stable"
"Gallinago delicata",19,0.241776975531488,0.0683901277321078,0.415163823330869,-479.186421981549,0.225592488265852,"Increasing"
