"scientific_name","BCR","slope","lower_CI","upper_CI","intercept","adj_r2","Trend"
"Haemorhous mexicanus",18,-0.159747292418774,-0.252826920279373,-0.0666676645581751,328.222924187729,0.315946369903187,"Decreasing"
"Haemorhous mexicanus",19,-0.0539510629763338,-0.112252476982583,0.00435035102991562,113.343963096671,0.0957654918620614,"Stable"
"Haemorhous mexicanus",20,-0.152326514239873,-0.258542609010027,-0.046110419469719,313.848475732053,0.236894412898931,"Decreasing"
"Haemorhous mexicanus",21,-0.0380565583634181,-0.106709122544622,0.0305960058177854,79.4405836341768,0.0122070422967669,"Stable"
"Haemorhous mexicanus",25,-0.0206077015643807,-0.0736400563673127,0.0324246532385512,44.4520156438036,-0.0144781543947079,"Stable"
"Haemorhous mexicanus",35,-0.152677496991579,-0.298611584833594,-0.00674340914956353,320.899969915769,0.12777837733969,"Decreasing"
"Haemorhous mexicanus",36,-0.0952712100139157,-0.384001245088175,0.193458825060344,196.655132127971,-0.0227595666906248,"Stable"
"Haemorhous mexicanus",37,0.0265957446808508,-0.0306329505614125,0.083824439923114,-52.20744680851,0.0401891252955074,"Stable"
