"scientific_name","BCR","slope","lower_CI","upper_CI","intercept","adj_r2","Trend"
"Haematopus palliatus",37,-0.0273363000635723,-0.144166985144579,0.0894943850174345,57.316465352828,-0.0415724869655616,"Stable"
