"scientific_name","BCR","slope","lower_CI","upper_CI","intercept","adj_r2","Trend"
"Haliaeetus leucocephalus",18,0.0232344848670132,-0.0145789412968739,0.0610479110309002,-45.2681137266891,0.0468183604839063,"Stable"
"Haliaeetus leucocephalus",19,0.0168531267928858,-0.0198556520845508,0.0535619056703224,-32.5644721744118,-0.00265883157449287,"Stable"
"Haliaeetus leucocephalus",21,0.0014184397163128,-0.073555409201769,0.0763922886343946,-1.71773049645541,-0.199432624113475,"Stable"
"Haliaeetus leucocephalus",25,0.0449438202247199,-0.0193957835081845,0.109283423957624,-88.9185393258443,0.11451152161493,"Stable"
"Haliaeetus leucocephalus",37,-0.0299145299145331,-0.0903983547173785,0.0305692948883123,61.4206349206413,0.0931623931624849,"Stable"
