"scientific_name","BCR","slope","lower_CI","upper_CI","intercept","adj_r2","Trend"
"Helmitheros vermivorum",25,-0.00566586442037733,-0.0342575159211773,0.0229257870804227,13.1169775371044,-0.0344567265821774,"Stable"
