"scientific_name","BCR","slope","lower_CI","upper_CI","intercept","adj_r2","Trend"
"Mareca strepera",18,-0.00531330157567007,-0.109123950508779,0.098497347357439,13.9171857823405,-0.0429699068128377,"Stable"
"Mareca strepera",19,-0.103142568833782,-0.189211650093411,-0.0170734875741528,209.921940320007,0.199962688389027,"Decreasing"
"Mareca strepera",21,NA,NA,NA,NA,NA,NA
"Mareca strepera",35,-0.195652173913051,-1.81236327565214,1.42105892782603,394.250000000015,-0.320928518791443,"Stable"
