"scientific_name","BCR","slope","lower_CI","upper_CI","intercept","adj_r2","Trend"
"Megaceryle alcyon",18,-0.000554272517321323,-0.0504737723299502,0.0493652272953075,2.68628175519692,-0.0526016587035183,"Stable"
"Megaceryle alcyon",19,-0.00762133975130378,-0.03050464060415,0.0152619611015424,16.5467308463701,-0.0215547978785038,"Stable"
"Megaceryle alcyon",20,-0.00908632004038367,-0.0463445710270834,0.028171930946316,19.3296314992429,-0.0747658309495765,"Stable"
"Megaceryle alcyon",21,-0.00568181818181852,-0.0305515556835885,0.0191879193199515,12.6647727272734,-0.034894398530761,"Stable"
"Megaceryle alcyon",25,-0.01985559566787,-0.0377886287222694,-0.00192256261347049,41.0559566787002,0.144479542719611,"Stable"
"Megaceryle alcyon",35,NA,NA,NA,NA,NA,NA
"Megaceryle alcyon",37,-0.0258964143426295,-0.0773425359516778,0.0255497072664188,53.3505976095617,0.0495162208309619,"Stable"
