"scientific_name","BCR","slope","lower_CI","upper_CI","intercept","adj_r2","Trend"
"Melanerpes lewis",18,0.00178571428571207,-0.0474158330680122,0.0509872616394364,-2.15178571428128,-0.0827690972222237,"Stable"
