"scientific_name","BCR","slope","lower_CI","upper_CI","intercept","adj_r2","Trend"
"Melanerpes aurifrons",18,-0.0134833134684143,-0.191409790970233,0.164443164033404,30.6508492252673,-0.0463815388781814,"Stable"
"Melanerpes aurifrons",19,0.032992378660249,-0.0466245330875751,0.112609290408073,-60.8404532691543,-0.0108580478564317,"Stable"
"Melanerpes aurifrons",20,-0.0145908543922991,-0.0741237081709558,0.0449419993863576,34.2835439229857,-0.0306782126600436,"Stable"
"Melanerpes aurifrons",21,0.122894103489771,-0.0369010327032027,0.282689239682745,-236.316034897714,0.0572969062626254,"Stable"
"Melanerpes aurifrons",35,0.0241175290814283,-0.0183754372778254,0.066610495440682,-45.9669574809472,0.0146684707078821,"Stable"
"Melanerpes aurifrons",36,0.16686722823907,-0.0272713329115786,0.361005789389718,-313.838949057362,0.0790875464416601,"Stable"
"Melanerpes aurifrons",37,-0.00150421179302124,-0.200157937536986,0.197149513950943,15.2921179302061,-0.0416560664595336,"Stable"
