"scientific_name","BCR","slope","lower_CI","upper_CI","intercept","adj_r2","Trend"
"Melanerpes erythrocephalus",18,0.054953870838348,0.0177216208462303,0.0921861208304657,-108.205375050142,0.248791678427998,"Increasing"
"Melanerpes erythrocephalus",19,0.0641295627757724,0.020901697300758,0.107357428250787,-122.337294424389,0.250933614405725,"Increasing"
"Melanerpes erythrocephalus",21,-0.00742077817890112,-0.0385518428711466,0.0237102865133444,16.3744484556763,-0.0312663336129035,"Stable"
"Melanerpes erythrocephalus",25,0.0314881668672284,0.00721150372673212,0.0557648300077246,-61.0483353389493,0.197850881693549,"Stable"
"Melanerpes erythrocephalus",35,-0.177419354838723,-0.532383744748687,0.177545035071242,360.935483870994,0.951612903225852,"Stable"
"Melanerpes erythrocephalus",37,0.00938646111767256,-0.0372071341944652,0.0559800564298104,-17.1739914216446,-0.0389357215725681,"Stable"
