"scientific_name","BCR","slope","lower_CI","upper_CI","intercept","adj_r2","Trend"
"Melanerpes carolinus",18,0.0239999999999994,-0.0766691058135609,0.12466910581356,-46.4479999999987,-0.084044943820226,"Stable"
"Melanerpes carolinus",19,0.0476835138387484,-0.0196297639831501,0.114996791660647,-88.7101383874848,0.0435208552386713,"Stable"
"Melanerpes carolinus",20,-0.02107969151671,-0.116333095123883,0.074173712090463,45.0916880891183,-0.0355399269633614,"Stable"
"Melanerpes carolinus",21,0.0309366225431205,-0.0567201873111285,0.11859343239737,-53.8245587645403,-0.0191360999656454,"Stable"
"Melanerpes carolinus",25,0.0213598074608906,-0.0463652069445813,0.0890848218663625,-32.3480746089051,-0.0235953328997076,"Stable"
"Melanerpes carolinus",37,-0.0142398716405941,-0.100517483029992,0.0720377397488039,36.7320497392708,-0.0366546158710976,"Stable"
