"scientific_name","BCR","slope","lower_CI","upper_CI","intercept","adj_r2","Trend"
"Meleagris gallopavo",18,0.00295828319293951,-0.234129319148341,0.24004588553422,-1.29116526273422,-0.0416378831386741,"Stable"
"Meleagris gallopavo",19,-0.0182009626955489,-0.16686274166541,0.130460816274312,43.8846269554782,-0.0389027152533115,"Stable"
"Meleagris gallopavo",20,-0.0406638588046529,-0.125304776664055,0.043977059054749,86.1802547131967,-0.000673242976117372,"Stable"
"Meleagris gallopavo",21,-0.0325411151223428,-0.100918691019548,0.035836460774862,69.2028178900927,-0.00141204689996877,"Stable"
"Meleagris gallopavo",25,-0.0194544725230648,-0.0568276099557875,0.0179186649096579,41.2113918973129,0.00613180939050872,"Stable"
"Meleagris gallopavo",35,-0.129612916165264,-0.302673516368868,0.0434476840383409,264.587494985962,0.0526475555913636,"Stable"
"Meleagris gallopavo",36,0.0393732422659701,-0.0839852721284986,0.162731756660439,-75.5833668139811,-0.024067521240061,"Stable"
"Meleagris gallopavo",37,-0.149690645488964,-0.60424403122734,0.304862740249411,312.530396774093,-0.0237497841452985,"Stable"
