"scientific_name","BCR","slope","lower_CI","upper_CI","intercept","adj_r2","Trend"
"Melozone fusca",18,-0.0468812675491378,-0.0957783516548942,0.00201581655661856,97.0210088247097,0.104446617194813,"Stable"
"Melozone fusca",19,-0.109506618531891,-0.180530744677683,-0.0384824923860986,225.066185318896,0.26742459531851,"Decreasing"
"Melozone fusca",20,-0.0870938628158841,-0.142801373552327,-0.0313863520794409,178.563628158844,0.27350424939831,"Decreasing"
"Melozone fusca",21,-0.0100138121546976,-0.200736547530268,0.180708923220872,22.3390883977929,-0.195643991712706,"Stable"
"Melozone fusca",35,-0.177647412755717,-0.221954646897541,-0.133340178613892,361.849127557161,0.729662724746939,"Decreasing"
"Melozone fusca",36,NA,NA,NA,NA,NA,NA
