"scientific_name","BCR","slope","lower_CI","upper_CI","intercept","adj_r2","Trend"
"Melozone aberti",35,0.0129932209282113,-0.0591955981129206,0.0851820399693432,-24.0786546149834,-0.0448272939784347,"Stable"
