"scientific_name","BCR","slope","lower_CI","upper_CI","intercept","adj_r2","Trend"
"Melospiza melodia",18,-0.0394604893702369,-0.0635012442697118,-0.015419734470762,81.1465603690338,0.295306045294883,"Stable"
"Melospiza melodia",19,0.030936622543121,-0.0317035009690403,0.0935767460552823,-58.3245587645412,0.00155773575431539,"Stable"
"Melospiza melodia",35,0,0,0,1,NA,"Stable"
