"scientific_name","BCR","slope","lower_CI","upper_CI","intercept","adj_r2","Trend"
"Melospiza lincolnii",35,0.154682404100016,-0.111101682778218,0.42046649097825,-307.027100481442,0.0253915661520022,"Stable"
