"scientific_name","BCR","slope","lower_CI","upper_CI","intercept","adj_r2","Trend"
"Mimus polyglottos",18,-0.0728038507821908,-0.226799337461968,0.0811916358975868,165.038507821903,-0.00192083583899527,"Stable"
"Mimus polyglottos",19,-0.293622141997594,-0.477928555179295,-0.109315728815893,614.721419975935,0.281840073365,"Decreasing"
"Mimus polyglottos",20,-1.63011432009627,-2.00610914647369,-1.25411949371886,3320.01820096271,0.759768244544602,"Decreasing"
"Mimus polyglottos",21,-0.613567990373046,-0.949173772510967,-0.277962208235124,1284.30490373045,0.346196879530181,"Decreasing"
"Mimus polyglottos",25,-0.511482150020059,-0.691867680595104,-0.331096619445014,1055.11316686723,0.57080016203171,"Decreasing"
"Mimus polyglottos",35,-1.0221620537505,-1.57137316712662,-0.472950940374382,2108.53720417168,0.35492101717912,"Decreasing"
"Mimus polyglottos",36,-0.484857601283595,-1.16817668140158,0.198461478834388,1046.49267950261,0.04378171125937,"Stable"
"Mimus polyglottos",37,-0.364620938628164,-0.993314291672797,0.26407241441647,786.209386281598,0.0170169607949477,"Stable"
