"scientific_name","BCR","slope","lower_CI","upper_CI","intercept","adj_r2","Trend"
"Mniotilta varia",18,1.50000000000085,-2.1679653623999,5.1679653624016,-2999.16666666836,0.928571428571647,"Stable"
"Mniotilta varia",19,-0.0766182298546908,-0.254505722507363,0.101269262797981,155.981946279175,-0.00967681213257876,"Stable"
"Mniotilta varia",20,0.0780235633565751,-0.00532663973897789,0.161373766452128,-154.270617937002,0.118123817389212,"Stable"
"Mniotilta varia",21,0.0217107902125952,-0.0129631366006753,0.0563847170258657,-41.8995687926192,0.0261012987460614,"Stable"
"Mniotilta varia",25,-0.0358002406738871,-0.0731718259564394,0.0015713446086651,75.7524067388694,0.104231574435818,"Stable"
