"scientific_name","BCR","slope","lower_CI","upper_CI","intercept","adj_r2","Trend"
"Molothrus ater",18,0.000250701965503374,-0.0615013470543234,0.0620027509853302,6.53464701163265,-0.0416636194335194,"Stable"
"Molothrus ater",19,-0.0878961091054947,-0.348336737338108,0.172544519127119,221.252757721619,-0.0210259828234938,"Stable"
"Molothrus ater",20,-0.401123144805457,-0.56357573704209,-0.238670552568824,821.06478138789,0.499703950124783,"Decreasing"
"Molothrus ater",21,-0.272212194143603,-0.37692749563016,-0.167496892657046,564.580274769357,0.526383764608555,"Decreasing"
"Molothrus ater",25,-0.145858403529885,-0.242785772543072,-0.048931034516697,303.042368632172,0.256969380538031,"Decreasing"
"Molothrus ater",35,-0.229943842759729,-0.343126279782821,-0.116761405736636,470.021760930609,0.398774752278852,"Decreasing"
"Molothrus ater",36,-0.491275571600486,-0.736747832575141,-0.245803310625831,1004.00571600482,0.391160067559883,"Decreasing"
"Molothrus ater",37,-0.00837344564781586,-0.32645586736166,0.309708976066028,30.9427898114761,-0.0415385605456384,"Stable"
