"scientific_name","BCR","slope","lower_CI","upper_CI","intercept","adj_r2","Trend"
"Molothrus aeneus",18,-0.030769230769229,-0.173920863861062,0.112382402322604,63.9230769230733,-0.063888888888892,"Stable"
"Molothrus aeneus",19,0,0,0,1,NA,"Stable"
"Molothrus aeneus",20,-0.139631753697557,-0.260188213560083,-0.0190752938350309,284.078357983704,0.179155541256666,"Decreasing"
"Molothrus aeneus",21,-0.155084235860411,-0.299045274593647,-0.0111231971271746,316.467358604095,0.136243969763016,"Decreasing"
"Molothrus aeneus",35,-0.0168629550321197,-0.073099822848204,0.0393739127839646,36.1220556745178,-0.0273951058081738,"Stable"
"Molothrus aeneus",36,-0.560669875651829,-0.899079002685305,-0.222260748618354,1141.11542318493,0.299572542712729,"Decreasing"
"Molothrus aeneus",37,-0.0762635379061404,-0.558913648194726,0.406386572382445,171.760379061378,-0.0370710579238678,"Stable"
