"scientific_name","BCR","slope","lower_CI","upper_CI","intercept","adj_r2","Trend"
"Myadestes townsendi",18,-0.0600000000000009,-0.1677251836653,0.0477251836652978,121.87142857143,0.148923076923096,"Stable"
"Myadestes townsendi",35,-0.0440097799510958,-0.126395918318643,0.0383763584164512,90.2947956688699,0.0265569403859991,"Stable"
