"scientific_name","BCR","slope","lower_CI","upper_CI","intercept","adj_r2","Trend"
"Mycteria americana",21,0.480538922155653,-1.86012656702351,2.82120441133481,-956.287425149628,-0.119577813040112,"Stable"
"Mycteria americana",25,-8.07142857142978,-144.834137083987,128.691279941128,16285.5714285739,-0.280133047694401,"Stable"
"Mycteria americana",37,-2.81344642118345,-10.0665890055268,4.43969616315993,5712.42850641325,-0.017338842548458,"Stable"
