"scientific_name","BCR","slope","lower_CI","upper_CI","intercept","adj_r2","Trend"
"Myiarchus crinitus",18,0.0237059932942162,-0.0435655228501782,0.0909775094386106,-45.0424088432522,-0.0199133100983813,"Stable"
"Myiarchus crinitus",19,0.0165964701163258,-0.022127957923883,0.0553208981565346,-25.506367829924,-0.00877974372303725,"Stable"
"Myiarchus crinitus",20,-0.0316385880465301,-0.0653939469570156,0.00211677086395529,65.4275471319693,0.0988453621717367,"Stable"
"Myiarchus crinitus",21,-0.0563578018451668,-0.0848393804784972,-0.0278762232118364,117.911351784999,0.385424550121139,"Decreasing"
"Myiarchus crinitus",25,0.00807260328921043,-0.0410545598354277,0.0571997664138485,-11.1843662254325,-0.0366984360490712,"Stable"
"Myiarchus crinitus",36,-0.0640095024416007,-0.143805509353086,0.0157865044698847,130.899696449784,0.136481434038278,"Stable"
"Myiarchus crinitus",37,-0.00887484957882035,-0.0597138142808573,0.0419641151232166,20.3734957882063,-0.036062898204013,"Stable"
