"scientific_name","BCR","slope","lower_CI","upper_CI","intercept","adj_r2","Trend"
"Myiarchus cinerascens",18,0.02286401925391,-0.0405289454129911,0.0862569839208111,-38.6401925391076,-0.0181592875636216,"Stable"
"Myiarchus cinerascens",19,0.147964300040113,0.0775050242949532,0.218423575785272,-290.851333734457,0.41568485987344,"Increasing"
"Myiarchus cinerascens",20,-0.19048335338949,-0.300531395530488,-0.0804353112484929,391.375200561572,0.319953955548227,"Decreasing"
"Myiarchus cinerascens",21,-0.0182511030886484,-0.0632322346299441,0.0267300284526472,40.6776975531493,-0.0120931199952459,"Stable"
"Myiarchus cinerascens",35,0.0764139590854391,-0.0179003956368421,0.17072831380772,-137.639590854392,0.0670315054194746,"Stable"
"Myiarchus cinerascens",36,-0.256869233854794,-0.366986200510833,-0.146752267198755,527.400671881269,0.470101846897404,"Decreasing"
"Myiarchus cinerascens",37,0.035500203689692,-0.144081751169746,0.21508215854913,-64.9241692370341,-0.035946043738883,"Stable"
