"scientific_name","BCR","slope","lower_CI","upper_CI","intercept","adj_r2","Trend"
"Myiarchus tyrannulus",20,-0.173209227033577,-0.700324229373586,0.353905775306433,353.698502630487,-0.036733733919915,"Stable"
"Myiarchus tyrannulus",21,0.0301343762535096,-0.140255772784622,0.200524525291641,-52.1354292017645,-0.0359159045469573,"Stable"
"Myiarchus tyrannulus",35,0.154446177847115,-0.0387465709743383,0.347638926668567,-307.347373894957,0.0706605591980667,"Stable"
"Myiarchus tyrannulus",36,0.392398716405938,0.252250884162786,0.53254654864909,-778.570497392703,0.564408936977561,"Increasing"
"Myiarchus tyrannulus",37,0.283293221018853,0.104169575867687,0.462416866170019,-558.848876855195,0.278598151723275,"Increasing"
