"scientific_name","BCR","slope","lower_CI","upper_CI","intercept","adj_r2","Trend"
"Nannopterum brasilianum",18,NA,NA,NA,NA,NA,NA
"Nannopterum brasilianum",21,0.0561197220737571,-0.172303340274759,0.284542784422274,-109.601015499732,-0.0505920409556417,"Stable"
"Nannopterum brasilianum",25,-0.0340599455040846,-0.458396062921062,0.390276171912893,70.5217983651174,-0.304950045413264,"Stable"
"Nannopterum brasilianum",35,-0.0858534085084696,-0.759847212019813,0.588140395002874,178.36981035369,-0.174807977941305,"Stable"
"Nannopterum brasilianum",36,-0.307338338580773,-1.33564468725034,0.72096801008879,625.737708888356,-0.0496175517018278,"Stable"
"Nannopterum brasilianum",37,-0.0521460088247132,-1.3289953222032,1.22470330455377,133.293421580433,-0.0413583986047086,"Stable"
