"scientific_name","BCR","slope","lower_CI","upper_CI","intercept","adj_r2","Trend"
"Nannopterum auritum",18,0.29196750902527,-0.446618487457087,1.03055350550763,-572.550090252706,-0.0135554350987503,"Stable"
"Nannopterum auritum",19,0.0614219815483375,-0.0876392915558626,0.210483254652538,-118.511482150024,-0.0111934910426728,"Stable"
"Nannopterum auritum",20,NA,NA,NA,NA,NA,NA
"Nannopterum auritum",21,-0.0499602306621578,-0.340158161524042,0.240237700199726,103.135911712067,-0.0506696086911005,"Stable"
"Nannopterum auritum",25,0.275205872374549,-0.0429843902569772,0.593396135006075,-546.785738518952,0.0879315926013414,"Stable"
"Nannopterum auritum",35,-0.317149629176543,-0.897109820637644,0.262810562284559,641.170196498203,0.0244299409653567,"Stable"
"Nannopterum auritum",36,0.0695340501792115,-0.297074365999245,0.436142466357668,-137.49605734767,-0.125288729589805,"Stable"
"Nannopterum auritum",37,0.0646773439326608,-0.27757126277945,0.406925950644771,-122.84922258592,-0.0365905073447235,"Stable"
