"scientific_name","BCR","slope","lower_CI","upper_CI","intercept","adj_r2","Trend"
"Numenius americanus",18,-0.0598676293622136,-0.134893847710103,0.0151585889856754,125.926293622141,0.0641008958606799,"Stable"
"Numenius americanus",19,-0.145958684316084,-0.28002226356973,-0.0118951050624369,298.128509827514,0.139388478405653,"Decreasing"
"Numenius americanus",21,NA,NA,NA,NA,NA,NA
"Numenius americanus",35,0.288629737609329,-0.365142676016327,0.942402151234985,-577.061224489795,0.195821185617105,"Stable"
"Numenius americanus",36,0.19294605809129,0.0559680984994866,0.329924017683093,-386.33609958507,0.993775933609965,"Increasing"
"Numenius americanus",37,0.11809117262909,-0.515138710741984,0.751321056000164,-227.459048771926,-0.0383943609594746,"Stable"
