"scientific_name","BCR","slope","lower_CI","upper_CI","intercept","adj_r2","Trend"
"Nyctidromus albicollis",21,-0.0219726562500007,-0.0932865730475512,0.0493412605475498,46.2441406250015,-0.041428786057691,"Stable"
"Nyctidromus albicollis",36,0.0273913043478268,-0.0539661231447898,0.108748731840443,-52.9052173913058,-0.0247289430598487,"Stable"
"Nyctidromus albicollis",37,0.00471788332801952,-0.0645710858983124,0.0740068525543514,-7.57092763786882,-0.0466197353554496,"Stable"
