"scientific_name","BCR","slope","lower_CI","upper_CI","intercept","adj_r2","Trend"
"Nyctanassa violacea",19,0.0223175965665232,-0.0642708766121515,0.108906069745198,-43.5888412017158,-0.0941344778254654,"Stable"
"Nyctanassa violacea",20,-0.0420393559928452,-0.101094254493099,0.0170155425074082,85.9445438282664,0.975849731663684,"Stable"
"Nyctanassa violacea",21,-0.0193214223360303,-0.0516607280053255,0.0130178833332649,40.3390560437652,0.021508270651537,"Stable"
"Nyctanassa violacea",25,0.0193040513437625,-0.00679952888083103,0.0454076315683561,-37.332180104292,0.0504967729085879,"Stable"
"Nyctanassa violacea",35,NA,NA,NA,NA,NA,NA
"Nyctanassa violacea",36,1.96852928451324e-17,7.10435937219325e-18,3.22662263180715e-17,0.99999999999996,0.155627355950465,"Stable"
"Nyctanassa violacea",37,-0.033493782591255,-0.114514250706011,0.0475266855235014,70.7711592458875,-0.0110007582634899,"Stable"
