"scientific_name","BCR","slope","lower_CI","upper_CI","intercept","adj_r2","Trend"
"Nycticorax nycticorax",18,0.168162588611933,-0.158032704133008,0.494357881356875,-329.945546535552,0.00568889356004842,"Stable"
"Nycticorax nycticorax",19,0.0361204013377918,-0.123504220342551,0.195745023018135,-69.0869565217374,-0.035092955824664,"Stable"
"Nycticorax nycticorax",20,NA,NA,NA,NA,NA,NA
"Nycticorax nycticorax",21,-0.085657370517924,-0.36034617884482,0.189031437808972,174.239503524356,-0.0461102727713845,"Stable"
"Nycticorax nycticorax",25,-0.0241558113064372,-0.0678350302863099,0.0195234076734356,49.9114708486148,0.045003884442345,"Stable"
"Nycticorax nycticorax",35,0.0276201476422436,-0.109696372631469,0.164936667915956,-52.7218400040172,-0.0505617427674294,"Stable"
"Nycticorax nycticorax",36,-0.0393184796854557,-0.157043493455242,0.078406534084331,80.4224552206274,-0.0288335517693068,"Stable"
"Nycticorax nycticorax",37,0.105495387083835,0.0122966789533684,0.198694095214302,-208.620537505015,0.15133059824046,"Increasing"
