"scientific_name","BCR","slope","lower_CI","upper_CI","intercept","adj_r2","Trend"
"Ortalis vetula",36,0.0357894736842107,-0.368596734201526,0.440175681569948,-69.4905263157898,-0.39859649122807,"Stable"
"Ortalis vetula",37,0.0452437777020124,-0.14546921770703,0.235956773111055,-86.8372996931487,-0.0356157138655708,"Stable"
