"scientific_name","BCR","slope","lower_CI","upper_CI","intercept","adj_r2","Trend"
"Oxyura jamaicensis",18,-0.0239749047725795,-0.354265925314812,0.306316115769653,53.1050862648543,-0.0609299268511907,"Stable"
"Oxyura jamaicensis",19,-0.158170043175032,-0.448444590452885,0.132104504102821,323.043424111605,0.0175562362583892,"Stable"
"Oxyura jamaicensis",35,-0.630057803468222,-1.43646428584149,0.176348678905042,1266.2138728324,0.564396085987393,"Stable"
"Oxyura jamaicensis",36,NA,NA,NA,NA,NA,NA
"Oxyura jamaicensis",37,-1.69635467980313,-8.02567474550195,4.6329653858957,3439.44551724172,-0.0621227516539893,"Stable"
