"scientific_name","BCR","slope","lower_CI","upper_CI","intercept","adj_r2","Trend"
"Pandion haliaetus",18,0.0630812778002422,0.0117445643547025,0.114417991245782,-125.44601698342,0.4819478944024,"Increasing"
"Pandion haliaetus",21,-0.0920043811610048,-0.391585582534149,0.20757682021214,186.581599123762,-0.0113179992698191,"Stable"
"Pandion haliaetus",25,-0.0376314333148863,-0.0861990384159861,0.0109361717862135,77.024349750968,0.124580335731405,"Stable"
"Pandion haliaetus",37,0.0329949238578676,-0.12404185600979,0.190031703725525,-64.3857868020295,-0.0764086294416269,"Stable"
