"scientific_name","BCR","slope","lower_CI","upper_CI","intercept","adj_r2","Trend"
"Parabuteo unicinctus",18,-0.0595238095238096,-0.196102565966014,0.0770549469183951,121.480158730159,0.00769488123118101,"Stable"
"Parabuteo unicinctus",20,-0.0645680819912138,-0.153792170217289,0.0246560062348617,131.457247437772,0.0793565341442312,"Stable"
"Parabuteo unicinctus",21,-0.00106994784004267,-0.073690033744381,0.0715501380642957,4.19653604386759,-0.0499504134518272,"Stable"
"Parabuteo unicinctus",35,-0.0366069174450877,-0.0947948804368408,0.0215810455466654,75.4810653875246,0.0378259792233488,"Stable"
"Parabuteo unicinctus",36,-0.0570096269554755,-0.133368046099117,0.0193487921881655,118.721269554754,0.0521121901741541,"Stable"
"Parabuteo unicinctus",37,0.0236662655435215,-0.0410985177259131,0.0884310488129562,-44.8293221018846,-0.0175507829521979,"Stable"
