"scientific_name","BCR","slope","lower_CI","upper_CI","intercept","adj_r2","Trend"
"Parkesia motacilla",19,-0.039902845246356,-0.0922625043293471,0.0124568138366351,81.7572618221459,0.0716787555081927,"Stable"
"Parkesia motacilla",20,NA,NA,NA,NA,NA,NA
"Parkesia motacilla",21,-0.0175840571215431,-0.0481435686471417,0.0129754544040555,36.7411413651622,0.0170720575663569,"Stable"
"Parkesia motacilla",25,0.0277777777777778,-0.0012388986082314,0.056794454163787,-54.3611111111112,0.104061447811447,"Stable"
