"scientific_name","BCR","slope","lower_CI","upper_CI","intercept","adj_r2","Trend"
"Passerina ciris",18,0.083884877657441,-0.0088410648106768,0.176610820125559,-165.307109907742,0.0904498044894735,"Stable"
"Passerina ciris",19,0.468662254312075,0.316918945772328,0.620405562851822,-924.830876454074,0.613199939463582,"Increasing"
"Passerina ciris",20,0.340102286401924,0.0669583829121636,0.613246189891684,-648.897864019251,0.183115637000942,"Increasing"
"Passerina ciris",21,0.113718411552347,-0.00679855726668244,0.234235380371376,-202.684115523466,0.100481347773764,"Stable"
"Passerina ciris",25,-0.0612715603690338,-0.118934294238991,-0.00360882649907669,128.632270357001,0.132232085588442,"Decreasing"
"Passerina ciris",35,-0.13893902928199,-0.306448195413544,0.0285701368495642,288.598626153229,0.0716859955425592,"Stable"
"Passerina ciris",36,0.64986963497794,0.431526759423069,0.868212510532812,-1283.98801644605,0.595047195433377,"Increasing"
"Passerina ciris",37,-0.0733553951062984,-0.184942382606302,0.0382315923937053,154.762284396311,0.0325388200025684,"Stable"
