"scientific_name","BCR","slope","lower_CI","upper_CI","intercept","adj_r2","Trend"
"Passerina caerulea",18,0.0208584035298839,-0.0128688467192562,0.054585653779024,-37.4173686321706,0.0245504873964575,"Stable"
"Passerina caerulea",19,0.123846770958685,0.0745931338434196,0.17310040807395,-243.384376253511,0.509149964469804,"Increasing"
"Passerina caerulea",20,0.00651825110308854,-0.0528198469366692,0.0658563491428463,-8.59917769755293,-0.0394404880112402,"Stable"
"Passerina caerulea",21,0.000501403931006705,-0.0423144805028823,0.0433172883648957,3.06929402326537,-0.0416413125034887,"Stable"
"Passerina caerulea",25,-0.0141395908543924,-0.0486737963260644,0.0203946146172795,33.6459085439233,-0.0115688056994363,"Stable"
"Passerina caerulea",35,0.0324909747292417,-0.0483821577841148,0.113364107242598,-55.9097472924184,-0.0126568678012726,"Stable"
"Passerina caerulea",36,0.136030886482151,0.0847545164848103,0.187307256479491,-270.100531488168,0.536856964864048,"Increasing"
"Passerina caerulea",37,-0.0167970316887285,-0.0843228273860118,0.0507287640085547,37.6786502206179,-0.0303510987457287,"Stable"
