"scientific_name","BCR","slope","lower_CI","upper_CI","intercept","adj_r2","Trend"
"Passerina versicolor",20,0.0393325387365922,-0.00743048338867323,0.0860955608618576,-77.7026221692512,0.471096543504179,"Stable"
"Passerina versicolor",35,-0.047833935018051,-0.101561176427791,0.00589330639168872,98.5893501805064,0.086806233128437,"Stable"
"Passerina versicolor",36,NA,NA,NA,NA,NA,NA
