"scientific_name","BCR","slope","lower_CI","upper_CI","intercept","adj_r2","Trend"
"Passer domesticus",18,-0.223776574408343,-0.469000430736455,0.02144728191977,487.474077416766,0.0924653563349371,"Stable"
"Passer domesticus",19,-0.72262334536703,-0.891272254605892,-0.553974436128167,1477.23345367028,0.755393174802971,"Decreasing"
"Passer domesticus",20,-0.132170076213397,-0.314560500560136,0.0502203481333419,274.034095467308,0.0471420941154082,"Stable"
"Passer domesticus",21,-0.630565583634178,-0.78379979524827,-0.477331372020086,1288.15583634176,0.739939913794866,"Decreasing"
"Passer domesticus",25,-0.439330124348178,-0.672113934198149,-0.206546314498208,896.384576815089,0.361794887468215,"Decreasing"
"Passer domesticus",35,-0.24032290413157,-0.51412652348801,0.0334807152248704,500.18737464902,0.0836322228643017,"Stable"
"Passer domesticus",36,-1.31257521058966,-2.24886661534546,-0.376283805833867,2675.00210589653,0.22771561705678,"Decreasing"
"Passer domesticus",37,-1.37986361813078,-2.0688293442754,-0.690897891986153,2805.80284797435,0.3915280261346,"Decreasing"
