"scientific_name","BCR","slope","lower_CI","upper_CI","intercept","adj_r2","Trend"
"Passerina cyanea",18,-0.0154651729176846,-0.148575557195818,0.117645211360449,32.9807598636206,-0.058486861979653,"Stable"
"Passerina cyanea",19,0.123696349779382,0.0745564360732808,0.172836263485484,-243.00516446049,0.509719020861764,"Increasing"
"Passerina cyanea",20,0.043712726811319,-0.0280254640858205,0.115450917708459,-85.508818677834,0.0267966658811736,"Stable"
"Passerina cyanea",21,-0.176895306859205,-0.281706315651532,-0.0720842980668788,367.453068592057,0.308126312998425,"Decreasing"
"Passerina cyanea",25,-0.0693441636582434,-0.210030998501448,0.071342671184961,165.816636582431,0.00139321944116011,"Stable"
"Passerina cyanea",35,-0.00890111668554868,-0.0379609804032675,0.0201587470321702,18.9441657226105,-0.051043858229481,"Stable"
"Passerina cyanea",36,0.0154448105436574,-0.164497074947874,0.195386696035189,-29.3894151565076,-0.136171077686728,"Stable"
"Passerina cyanea",37,0.0554051343762537,-0.0369899113166564,0.147800180069164,-107.843010429202,0.0208258548564432,"Stable"
