"scientific_name","BCR","slope","lower_CI","upper_CI","intercept","adj_r2","Trend"
"Passerculus sandwichensis",18,0.01581917512157,-0.135411803456874,0.167050153700014,-29.4370234736136,-0.045263683202863,"Stable"
"Passerculus sandwichensis",19,-0.0443786982248528,-0.0660826352804868,-0.0226747611692188,90.7347140039463,0.997041420118347,"Decreasing"
