"scientific_name","BCR","slope","lower_CI","upper_CI","intercept","adj_r2","Trend"
"Pelecanus erythrorhynchos",18,-0.482150020056157,-0.936258610199885,-0.0280414299124288,983.666867228238,0.132004550199728,"Decreasing"
"Pelecanus erythrorhynchos",19,-0.0137886081026812,-0.821011662907929,0.793434446702567,44.5944143601959,-0.0416127248617233,"Stable"
"Pelecanus erythrorhynchos",21,0.380181169365909,-1.46533342021104,2.22569575894286,-745.8978863574,-0.105386876386992,"Stable"
"Pelecanus erythrorhynchos",25,NA,NA,NA,NA,NA,NA
"Pelecanus erythrorhynchos",37,-0.205115751983156,-1.16000179970146,0.749770295735144,424.119637364402,-0.0639128696114453,"Stable"
