"scientific_name","BCR","slope","lower_CI","upper_CI","intercept","adj_r2","Trend"
"Petrochelidon pyrrhonota",18,-0.413106698756525,-1.54081593393495,0.714602536421905,895.608654231862,-0.0174339621854418,"Stable"
"Petrochelidon pyrrhonota",19,-0.492328519855599,-1.33752594754864,0.352868907837437,1068.16019855596,0.0175018718869963,"Stable"
"Petrochelidon pyrrhonota",20,-0.0496891295627799,-1.01284464705559,0.913466387930033,130.432962294433,-0.0411748320856495,"Stable"
"Petrochelidon pyrrhonota",21,-0.431909346169281,-1.98673849827511,1.12291980593655,956.510128359421,-0.0275930260251656,"Stable"
"Petrochelidon pyrrhonota",25,0.855344965904525,-1.02512811938758,2.73581805119663,-1672.49132571198,-0.00477054531349919,"Stable"
"Petrochelidon pyrrhonota",35,-0.281187324508626,-0.575192894272554,0.0128182452553032,582.539911752911,0.10382515093043,"Stable"
"Petrochelidon pyrrhonota",36,0.772600834492344,-0.397460481447292,1.94266215043198,-1516.08767732961,0.0348197826014857,"Stable"
"Petrochelidon pyrrhonota",37,-1.97076815082233,-4.27904704735793,0.337510745713275,4056.13984155641,0.077663283829897,"Stable"
