"scientific_name","BCR","slope","lower_CI","upper_CI","intercept","adj_r2","Trend"
"Petrochelidon fulva",18,-0.467775467775477,-1.52533869283968,0.589787757288727,957.940748440767,-0.00551043749149671,"Stable"
"Petrochelidon fulva",19,0.489019253910949,-0.153369501142957,1.13140800896486,-965.817539109504,0.0554809669411062,"Stable"
"Petrochelidon fulva",20,-0.782139991977547,-1.7664716953744,0.202191711419308,1593.10825310872,0.0633001322074034,"Stable"
"Petrochelidon fulva",21,-0.921279582831936,-1.50630165441488,-0.336257511248988,1875.87916165264,0.276697312478071,"Decreasing"
"Petrochelidon fulva",25,-0.914414414414244,-1.79847774481763,-0.0303510840108561,1850.68468468434,0.435736153399469,"Decreasing"
"Petrochelidon fulva",35,-0.528529883674294,-1.19157890183551,0.134519134486919,1080.25717007623,0.0639019036755264,"Stable"
"Petrochelidon fulva",36,-0.716272600834464,-2.07484934083669,0.642304139167761,1500.74792767727,0.00783410245487404,"Stable"
"Petrochelidon fulva",37,-1.2047232250301,-2.36493144159549,-0.044515008464711,2455.10725030087,0.1256546106993,"Decreasing"
