"scientific_name","BCR","slope","lower_CI","upper_CI","intercept","adj_r2","Trend"
"Phasianus colchicus",18,-0.0644805455274777,-0.303823683802968,0.174862592748012,152.888788608104,-0.0284186506984381,"Stable"
"Phasianus colchicus",19,-0.786251504211796,-1.19835208034177,-0.374150928081818,1616.64004211794,0.367180986786879,"Decreasing"
"Phasianus colchicus",21,NA,NA,NA,NA,NA,NA
"Phasianus colchicus",35,-0.112862897624673,-0.266397701652603,0.0406719064032563,231.152868453958,0.0544353595567534,"Stable"
"Phasianus colchicus",37,NA,NA,NA,NA,NA,NA
