"scientific_name","BCR","slope","lower_CI","upper_CI","intercept","adj_r2","Trend"
"Pipilo erythrophthalmus",19,0.0190032089851587,-0.0143225486312077,0.052328966601525,-36.5737565182516,0.015169004145953,"Stable"
"Pipilo erythrophthalmus",21,0,0,0,1,NA,"Stable"
"Pipilo erythrophthalmus",25,-0.0671379863618133,-0.119373305670511,-0.0149026670531153,140.421530284798,0.194508626887526,"Decreasing"
"Pipilo erythrophthalmus",37,0.00857908847184981,-0.0689028709734421,0.0860610479171417,-15.5615728328864,-0.0588538873994637,"Stable"
