"scientific_name","BCR","slope","lower_CI","upper_CI","intercept","adj_r2","Trend"
"Poecile carolinensis",18,0.00294406280667333,-0.161892896548721,0.167781022162067,-4.66535819430839,-0.49558390578999,"Stable"
"Poecile carolinensis",19,-0.0782691536301655,-0.173348321051363,0.0168100137910317,162.983202968313,0.0701689264944797,"Stable"
"Poecile carolinensis",20,-0.088046530284798,-0.18523486718002,0.00914180661042412,184.631969514642,0.0907772299719923,"Stable"
"Poecile carolinensis",21,-0.20281789009226,-0.340370427280259,-0.0652653529042612,422.470567589253,0.248366128394985,"Decreasing"
"Poecile carolinensis",25,-0.0632771760930608,-0.15573802534787,0.0291836731617482,139.35509426394,0.0382786683379809,"Stable"
"Poecile carolinensis",35,NA,NA,NA,NA,NA,NA
"Poecile carolinensis",36,0.0362035225048931,-0.286807125847754,0.35921417085754,-71.4598825831717,0.339530332681031,"Stable"
"Poecile carolinensis",37,-0.0744584837545122,-0.167818970622938,0.0189020031139138,156.709837545126,0.0640011930193506,"Stable"
