"scientific_name","BCR","slope","lower_CI","upper_CI","intercept","adj_r2","Trend"
"Polioptila caerulea",18,0.0367132867132867,-0.0117869240121608,0.0852134974387343,-71.9241410763151,0.062957875457873,"Stable"
"Polioptila caerulea",19,-0.0529482551143216,-0.201810246387257,0.0959137361586133,112.482551143204,-0.0187903584868729,"Stable"
"Polioptila caerulea",20,0.287805856397915,0.168610237656193,0.407001475139637,-568.72523064581,0.488066805103646,"Increasing"
"Polioptila caerulea",21,-0.236913357400723,-0.301247641805311,-0.172579072996135,483.758574007222,0.694248720494377,"Decreasing"
"Polioptila caerulea",25,-0.0511933413557964,-0.120786808181995,0.0184001254704023,112.225080224629,0.0496095304628875,"Stable"
"Polioptila caerulea",35,0.000116394110461298,-0.139995200682271,0.140227988903194,4.04615026479,-0.04347812688752,"Stable"
"Polioptila caerulea",36,-0.0641025641025666,-0.144454249797908,0.0162491215927745,131.11538461539,0.0869417558159361,"Stable"
"Polioptila caerulea",37,-0.140839041095893,-0.270330171609237,-0.011347910582548,285.551940639274,0.17294552966136,"Decreasing"
