"scientific_name","BCR","slope","lower_CI","upper_CI","intercept","adj_r2","Trend"
"Pyrocephalus rubinus",18,0,0,0,1,NA,"Stable"
"Pyrocephalus rubinus",19,0.166031140768984,-0.0581942605991215,0.39025654213709,-329.843342866217,0.0619027452142338,"Stable"
"Pyrocephalus rubinus",20,0.0016546329723226,-0.0743103247878116,0.0776195907324568,1.32867027677478,-0.0415789596374863,"Stable"
"Pyrocephalus rubinus",21,0.00338563471549802,-0.0270146772084168,0.0337859466394129,-5.3989588263144,-0.0471742971797569,"Stable"
"Pyrocephalus rubinus",35,0.0376052948255112,-0.00327554386757384,0.0784861335185962,-72.8029482551138,0.094347854548288,"Stable"
"Pyrocephalus rubinus",36,-0.011126564673158,-0.0457441726595031,0.0234910433131871,24.6843949930476,-0.0237997382346498,"Stable"
"Pyrocephalus rubinus",37,-0.126177163037074,-0.365930382342285,0.113576056268136,258.577324896985,0.0158870136799539,"Stable"
