"scientific_name","BCR","slope","lower_CI","upper_CI","intercept","adj_r2","Trend"
"Rallus crepitans",37,0.210790212595267,-0.050978289126725,0.472558714317259,-417.068792619335,0.0658438705633317,"Stable"
