"scientific_name","BCR","slope","lower_CI","upper_CI","intercept","adj_r2","Trend"
"Rallus limicola",18,0.00492264416315051,-0.0443922893988744,0.0542375777251754,-8.78551336146277,-0.155180496952649,"Stable"
"Rallus limicola",19,0.0182291666666675,-0.0119770040482966,0.0484353373816315,-35.4557291666683,0.0684375000000028,"Stable"
"Rallus limicola",35,0,0,0,1,NA,"Stable"
