"scientific_name","BCR","slope","lower_CI","upper_CI","intercept","adj_r2","Trend"
"Rynchops niger",37,1.00915582579185,-0.635967161915741,2.65427881349943,-2017.04821832577,0.0277259657783102,"Stable"
