"scientific_name","BCR","slope","lower_CI","upper_CI","intercept","adj_r2","Trend"
"Salpinctes obsoletus",18,-0.0351484155635783,-0.082819369930374,0.0125225388032174,73.9424889691142,0.049996426004719,"Stable"
"Salpinctes obsoletus",19,-0.0106827111984281,-0.0731929501989216,0.0518275278020653,23.0148575638504,-0.0573142553533259,"Stable"
"Salpinctes obsoletus",20,0.0196873617460553,-0.0171439657095618,0.0565186892016724,-38.196652411149,0.01828728220116,"Stable"
"Salpinctes obsoletus",35,-0.0360509426393902,-0.0799023210611182,0.00780043578233777,75.2177597272361,0.0699062833923954,"Stable"
