"scientific_name","BCR","slope","lower_CI","upper_CI","intercept","adj_r2","Trend"
"Sayornis phoebe",18,-0.034163678278689,-0.0866354856156428,0.0183081290582647,70.1546810963125,0.0364965579939113,"Stable"
"Sayornis phoebe",19,-0.0105796229442442,-0.0481091196003113,0.026949873711823,24.8378961091061,-0.0271787354540789,"Stable"
"Sayornis phoebe",20,-0.143451664661052,-0.198262702904529,-0.088640626417574,292.974979943844,0.52987858260259,"Decreasing"
"Sayornis phoebe",21,-0.0920577617328529,-0.141165143101172,-0.0429503803645334,191.077617328522,0.35847076359261,"Decreasing"
"Sayornis phoebe",25,-0.0529983955074212,-0.11072703365906,0.00473024264421786,111.775621740875,0.0938813977239263,"Stable"
"Sayornis phoebe",35,NA,NA,NA,NA,NA,NA
"Sayornis phoebe",36,0.0137769447047795,-0.00651344665336326,0.0340673360629223,-26.6380506091842,0.0932009883275092,"Stable"
"Sayornis phoebe",37,1.573166928642e-17,-2.59471107964662e-17,5.74104493693063e-17,0.999999999999968,0.272613751658468,"Stable"
