"scientific_name","BCR","slope","lower_CI","upper_CI","intercept","adj_r2","Trend"
"Sayornis saya",18,-0.0114821500200563,-0.0293489115364252,0.00638461149631261,26.1131668672285,0.0294754424943962,"Stable"
"Sayornis saya",19,-0.000952667468913025,-0.0483071687692323,0.0464018338314062,4.06834135579637,-0.0415918457262345,"Stable"
"Sayornis saya",35,-0.0325912555154434,-0.0550771782588501,-0.0101053327720368,68.4958884877661,0.241243537460447,"Stable"
