"scientific_name","BCR","slope","lower_CI","upper_CI","intercept","adj_r2","Trend"
"Seiurus aurocapilla",18,-0.418209540405146,-0.765955007267289,-0.0704640735430039,844.762578958845,0.258254857896964,"Decreasing"
"Seiurus aurocapilla",19,-0.0703698044009784,-0.183308616778077,0.0425690079761199,143.786445599023,0.0455594629494394,"Stable"
"Seiurus aurocapilla",25,-0.0635780184516653,-0.179264771042283,0.0521087341389527,136.113517849981,0.0113317341148045,"Stable"
