"scientific_name","BCR","slope","lower_CI","upper_CI","intercept","adj_r2","Trend"
"Selasphorus platycercus",18,0.028981147212192,-0.252342875175845,0.310305169600229,-49.3948054552704,-0.0397082978992886,"Stable"
"Selasphorus platycercus",35,-0.034145607701564,-0.292102688617667,0.223811473214539,81.581077015643,-0.038437276564234,"Stable"
