"scientific_name","BCR","slope","lower_CI","upper_CI","intercept","adj_r2","Trend"
"Setophaga graciae",35,0.030986762936221,-0.184645388331928,0.24661891420437,-57.1176293622134,-0.0378627519755546,"Stable"
