"scientific_name","BCR","slope","lower_CI","upper_CI","intercept","adj_r2","Trend"
"Setophaga cerulea",25,0.0375659733002199,-0.020706345251246,0.0958382918516859,-74.4442719652335,0.118508005499633,"Stable"
