"scientific_name","BCR","slope","lower_CI","upper_CI","intercept","adj_r2","Trend"
"Setophaga dominica",20,0.0697452868030484,-0.0991391183031451,0.238629691909242,-136.161201363818,-0.0110615744425602,"Stable"
"Setophaga dominica",21,0.0111683848797243,-0.0383146362631631,0.0606514060226116,-20.7225085910637,-0.0504595220970208,"Stable"
"Setophaga dominica",25,0.0161953469715206,-0.00959974608579832,0.0419904400288395,-30.1618030485365,0.0264465764557448,"Stable"
"Setophaga dominica",37,-0.500000000000019,-4.16796536240509,3.16796536240505,1005.16666666671,0.499999999999908,"Stable"
