"scientific_name","BCR","slope","lower_CI","upper_CI","intercept","adj_r2","Trend"
"Setophaga virens",25,0.0595419847328244,-0.00510893423668655,0.124192903702335,-118.18320610687,0.133599109740146,"Stable"
