"scientific_name","BCR","slope","lower_CI","upper_CI","intercept","adj_r2","Trend"
"Setophaga coronata audoboni",18,-0.291977854568425,-0.536984310233777,-0.0469713989030726,590.320068368448,0.197847744882574,"Decreasing"
"Setophaga coronata audoboni",35,-0.227236261532296,-0.907139438912355,0.452666915847763,476.695948656248,-0.0214164610397383,"Stable"
