"scientific_name","BCR","slope","lower_CI","upper_CI","intercept","adj_r2","Trend"
"Setophaga americana",19,0.0265082266910437,-0.00347680295488642,0.0564932563369738,-52.2865630713013,0.207495429616102,"Stable"
"Setophaga americana",20,0.0263157894736856,-0.745887444716791,0.798519023664162,-51.6403508771958,-0.684210526315802,"Stable"
"Setophaga americana",21,-0.032390693943041,-0.068875075468159,0.00409368758207713,67.8236060970727,0.0861705051759811,"Stable"
"Setophaga americana",25,0.0380565583634176,0.0146401611933354,0.0614729555334997,-73.4405836341757,0.290802575941916,"Stable"
"Setophaga americana",36,NA,NA,NA,NA,NA,NA
"Setophaga americana",37,-0.0699468085106406,-0.14140944216124,0.00151582513995882,142.671117021281,0.114382242319495,"Stable"
