"scientific_name","BCR","slope","lower_CI","upper_CI","intercept","adj_r2","Trend"
"Setophaga citrina",21,-0.00204446716074641,-0.0648434897346804,0.0607545554131876,5.64911832353729,-0.0765134520178825,"Stable"
"Setophaga citrina",25,0.165663858804654,0.0567418728406698,0.274585844768639,-322.805254713199,0.261529175247373,"Increasing"
"Setophaga citrina",37,0.213869975840107,0.123919801655153,0.303820150025061,-426.270096639582,0.491439875358744,"Increasing"
