"scientific_name","BCR","slope","lower_CI","upper_CI","intercept","adj_r2","Trend"
"Setophaga petechia",18,-0.0334937825912562,-0.0931291015001891,0.0261415363176767,71.7711592458898,0.013561035670812,"Stable"
"Setophaga petechia",19,0.172633373445649,0.133953010403936,0.211313736487361,-342.042067789813,0.770323367176732,"Increasing"
"Setophaga petechia",21,0,0,0,1,NA,"Stable"
"Setophaga petechia",25,-1.9424856507293e-17,-5.0562538804584e-17,1.1712825789998e-17,1.00000000000004,0.415204678362558,"Stable"
"Setophaga petechia",35,0.435870437224228,0.0824511854109759,0.789289689037481,-865.662705575613,0.179764375741617,"Increasing"
