"scientific_name","BCR","slope","lower_CI","upper_CI","intercept","adj_r2","Trend"
"Setophaga pinus",21,0.00883889112093316,-0.0770404530008987,0.0947182352427651,-13.9268782643653,-0.0414257010817434,"Stable"
"Setophaga pinus",25,-0.105395106297635,-0.261105202090529,0.0503149894952596,233.034396309669,0.0366671310808545,"Stable"
"Setophaga pinus",37,0.0911552346570402,-0.00940336911886944,0.19171383843295,-179.802346570398,0.0909179920366894,"Stable"
