"scientific_name","BCR","slope","lower_CI","upper_CI","intercept","adj_r2","Trend"
"Sialia sialis",18,0.0381970337227609,-0.111858364081404,0.188252431526926,-74.5629298202007,-0.0323767093009351,"Stable"
"Sialia sialis",19,-0.0261732851985567,-0.122138244464951,0.0697916740678373,59.4828519855611,-0.0280932533841531,"Stable"
"Sialia sialis",20,0.00466305655836258,-0.08825012071385,0.0975762338305752,-3.25556558363249,-0.0412012018504986,"Stable"
"Sialia sialis",21,-0.131819093461693,-0.298861357862575,0.0352231709391876,276.982601283596,0.062007106999926,"Stable"
"Sialia sialis",25,-0.206829121540314,-0.309708364210459,-0.10394987887017,424.916215403132,0.393446616867502,"Decreasing"
"Sialia sialis",35,NA,NA,NA,NA,NA,NA
"Sialia sialis",36,NA,NA,NA,NA,NA,NA
"Sialia sialis",37,-0.0461291616526276,-0.10938068533383,0.0171223620285744,97.6249498596075,0.048185189533404,"Stable"
