"scientific_name","BCR","slope","lower_CI","upper_CI","intercept","adj_r2","Trend"
"Sialia currucoides",18,-0.100381066987567,-0.214739151599535,0.0139770176244023,206.227336542321,0.083646922147255,"Stable"
"Sialia currucoides",35,-0.0615739672282407,-0.207270928323798,0.0841229938673169,126.530025386553,-0.0107255665316064,"Stable"
