"scientific_name","BCR","slope","lower_CI","upper_CI","intercept","adj_r2","Trend"
"Sialia mexicana",18,-0.123655599719431,-0.348207033884258,0.100895834445395,256.642594108023,0.0122520470551863,"Stable"
"Sialia mexicana",35,-0.129588062343904,-0.201461822898409,-0.0577143017893999,264.357086402582,0.360782528216934,"Decreasing"
