"scientific_name","BCR","slope","lower_CI","upper_CI","intercept","adj_r2","Trend"
"Sitta pygmaea",18,-0.126724339490302,-0.409033882803163,0.155585203822558,266.211129296246,-0.00577163000669301,"Stable"
"Sitta pygmaea",35,0.0564866078108635,-0.0216967843487624,0.134669999970489,-110.574143348796,0.0604464772562687,"Stable"
