"scientific_name","BCR","slope","lower_CI","upper_CI","intercept","adj_r2","Trend"
"Sitta canadensis",18,-0.218737353298262,-0.395707446582796,-0.0417672600137278,441.517604208827,0.286655848938043,"Decreasing"
"Sitta canadensis",19,0.0889493986839093,-0.126570665240953,0.304469462608771,-177.066258225545,0.00283135415878277,"Stable"
"Sitta canadensis",35,-0.207824130171368,-0.414542193424386,-0.00110606691835094,422.853418729443,0.139271299825127,"Decreasing"
