"scientific_name","BCR","slope","lower_CI","upper_CI","intercept","adj_r2","Trend"
"Sitta pusilla",20,NA,NA,NA,NA,NA,NA
"Sitta pusilla",25,-0.00887484957882062,-0.0359591117964621,0.0182094126388208,20.3734957882068,-0.0221869001060118,"Stable"
"Sitta pusilla",37,-0.149513212795572,-0.561870596828082,0.262844171236938,303.940194714927,-0.0345912291376722,"Stable"
