"scientific_name","BCR","slope","lower_CI","upper_CI","intercept","adj_r2","Trend"
"Sitta carolinensis",18,-0.0979047958214667,-0.261264321127419,0.0654547294844855,202.178567188992,0.0218884719698509,"Stable"
"Sitta carolinensis",19,0.0012033694344161,-0.0399676064739556,0.0423743453427877,0.466305655836886,-0.0415087441687119,"Stable"
"Sitta carolinensis",21,-0.075361010830325,-0.10894408322946,-0.0417779384311905,153.985108303249,0.449946177421779,"Decreasing"
"Sitta carolinensis",25,0.00646811070998836,-0.0299662332864099,0.0429024547063866,-10.3061070998804,-0.0358723174889686,"Stable"
"Sitta carolinensis",35,0.017198154833534,-0.0691900185521872,0.103586328219255,-31.5232150020059,-0.0343904589649915,"Stable"
