"scientific_name","BCR","slope","lower_CI","upper_CI","intercept","adj_r2","Trend"
"Spatula cyanoptera",18,0.0377101150103222,-0.0319618627842512,0.107382092804896,-73.3453627248614,0.0119893136973098,"Stable"
"Spatula cyanoptera",19,NA,NA,NA,NA,NA,NA
"Spatula cyanoptera",35,0.0417582417582433,-0.351195509949032,0.434711993465519,-79.5307692307724,-0.223375617670919,"Stable"
