"scientific_name","BCR","slope","lower_CI","upper_CI","intercept","adj_r2","Trend"
"Spatula clypeata",18,0.092902435125486,-0.0939340980489723,0.279738968299944,-181.599030212607,0.00241307883921205,"Stable"
"Spatula clypeata",19,-0.00714205058717205,-0.117391312631974,0.10310721145763,17.4758073622393,-0.0426641411135145,"Stable"
"Spatula clypeata",35,NA,NA,NA,NA,NA,NA
"Spatula clypeata",36,NA,NA,NA,NA,NA,NA
"Spatula clypeata",37,0.560913705583729,-0.780619285140139,1.9024466963076,-1119.82233502533,0.161524666403232,"Stable"
