"scientific_name","BCR","slope","lower_CI","upper_CI","intercept","adj_r2","Trend"
"Spatula discors",18,0.00651825110308897,-0.119805561060946,0.132842063267124,-8.09917769755379,-0.0411746489203586,"Stable"
"Spatula discors",19,-0.0538507821901328,-0.176728900039705,0.0690273356594396,114.257821901325,-0.00732892795181295,"Stable"
"Spatula discors",20,NA,NA,NA,NA,NA,NA
"Spatula discors",21,-0.0734254498714635,-0.261976978684435,0.115126078941508,150.024100257066,-0.0226144560557835,"Stable"
"Spatula discors",25,0.0263157894736686,-2.86944633874104,2.92207791768837,-50.6842105262844,-0.973684210526358,"Stable"
"Spatula discors",35,NA,NA,NA,NA,NA,NA
"Spatula discors",36,0.0879478827361583,-0.481683695010953,0.657579460483269,-174.381107491861,-0.139559442535657,"Stable"
"Spatula discors",37,-0.00243285005095769,-0.18570194130086,0.180836241198944,9.34247295919913,-0.0499597460713459,"Stable"
