"scientific_name","BCR","slope","lower_CI","upper_CI","intercept","adj_r2","Trend"
"Sphyrapicus nuchalis",35,0.0357065726009652,-0.0933991170959511,0.164812262297882,-68.6040601828533,-0.0313722741964084,"Stable"
