"scientific_name","BCR","slope","lower_CI","upper_CI","intercept","adj_r2","Trend"
"Spinus psaltria",18,-0.0323405535499402,-0.070907676225445,0.0062265691255646,67.530535499399,0.0739121068246428,"Stable"
"Spinus psaltria",19,0.0620401513558965,-0.102231986721195,0.226312289432988,-120.788443346647,-0.0165023777495781,"Stable"
"Spinus psaltria",20,0.192940232651424,-0.238825887793917,0.624706353096766,-374.235659847574,-0.00601194382128334,"Stable"
"Spinus psaltria",21,0.0358361774744026,-0.142089623612132,0.213761978560937,-69.2286689419793,-0.0408140927944691,"Stable"
"Spinus psaltria",35,-0.0142900120336947,-0.0729322480082358,0.0443522239408465,31.5251203369441,-0.0308027810776701,"Stable"
"Spinus psaltria",36,0.00764951321279672,-0.0637096801369335,0.0790087065625269,-12.0555215577214,-0.0412520157331129,"Stable"
"Spinus psaltria",37,-0.141578290704923,-0.865048197789993,0.581891616380146,296.331129132865,-0.0394213831388475,"Stable"
