"scientific_name","BCR","slope","lower_CI","upper_CI","intercept","adj_r2","Trend"
"Spinus tristis",18,-0.150822302446852,-0.26263418057187,-0.0390104243218351,308.056357801848,0.212611809344528,"Decreasing"
"Spinus tristis",19,-0.00456277577216162,-0.0653771742758536,0.0562516227315304,16.1694243882863,-0.0406269716664998,"Stable"
"Spinus tristis",20,NA,NA,NA,NA,NA,NA
"Spinus tristis",21,-0.0702466907340559,-0.138929666134674,-0.00156371533343773,144.591907340555,0.121445925680212,"Decreasing"
"Spinus tristis",25,-0.00125350982751687,-0.040826080284352,0.0383190606293182,4.8267649418368,-0.0414811923195555,"Stable"
"Spinus tristis",36,NA,NA,NA,NA,NA,NA
