"scientific_name","BCR","slope","lower_CI","upper_CI","intercept","adj_r2","Trend"
"Spinus pinus",18,-0.149022303696914,-0.567527336001381,0.269482728607553,307.033379162847,-0.0209593192902826,"Stable"
"Spinus pinus",35,0.171433948061731,-0.422057012940001,0.764924909063463,-326.414377117064,-0.0286748064252629,"Stable"
