"scientific_name","BCR","slope","lower_CI","upper_CI","intercept","adj_r2","Trend"
"Spizella pusilla",18,0.0391095890410913,-0.0552629032132818,0.133482081295464,-76.3446575342373,-0.0121803965974452,"Stable"
"Spizella pusilla",19,-0.0414661050942625,-0.144534511605831,0.0616023014173059,93.8693842759699,-0.0125776424123287,"Stable"
"Spizella pusilla",20,0.0105796229442437,-0.151893588978895,0.173052834867383,-6.83789610910514,-0.0408833373893818,"Stable"
"Spizella pusilla",21,-0.674939831528281,-0.921274373285855,-0.428605289770707,1373.5233152828,0.553398848311362,"Decreasing"
"Spizella pusilla",25,-0.211341756919375,-0.309523291709509,-0.113160222129242,429.792569193745,0.428405471871394,"Decreasing"
"Spizella pusilla",36,-0.0545260915867948,-0.120242959897181,0.0111907767235916,111.06879659212,0.162885080840353,"Stable"
"Spizella pusilla",37,-0.362143474503053,-0.880943538680634,0.156656589674528,731.991356957705,0.114264348393398,"Stable"
