"scientific_name","BCR","slope","lower_CI","upper_CI","intercept","adj_r2","Trend"
"Spizella breweri",18,0.0614721219414367,-0.0277555538169818,0.150699797699855,-118.304552747695,0.0392663461127596,"Stable"
