"scientific_name","BCR","slope","lower_CI","upper_CI","intercept","adj_r2","Trend"
"Spiza americana",18,0.581929402326518,0.333186285864635,0.830672518788402,-1152.87735659848,0.471614185742286,"Increasing"
"Spiza americana",19,0.289911752908145,-0.401101971732497,0.980925477548786,-506.034195748098,-0.0101099083699512,"Stable"
"Spiza americana",20,0.169564536340857,-0.549845788382591,0.888974861064305,-326.950109649132,-0.0328028756942536,"Stable"
"Spiza americana",21,-0.202918170878459,-0.575428665083608,0.169592323326691,434.556708784595,0.0104490220203985,"Stable"
"Spiza americana",25,-0.460338949057364,-0.706727551705179,-0.213950346409548,939.181157240279,0.356819097281526,"Decreasing"
"Spiza americana",35,-0.0644845432927661,-0.279941894883501,0.150972808297969,132.700937194009,-0.0617801582888324,"Stable"
"Spiza americana",36,0.710840352988374,0.195656110363418,1.22602459561333,-1414.36186321702,0.221414958427214,"Increasing"
"Spiza americana",37,-0.0714500601684706,-0.390001911098881,0.247101790761939,161.625601684715,-0.0324477798777953,"Stable"
