"scientific_name","BCR","slope","lower_CI","upper_CI","intercept","adj_r2","Trend"
"Spizella passerina",18,-0.396660649819498,-0.551225138851096,-0.242096160787898,805.481498194952,0.519729927136476,"Decreasing"
"Spizella passerina",19,0.0554552747693543,-0.00663220175455699,0.117542751293266,-106.636081026876,0.0875327222255343,"Stable"
"Spizella passerina",20,0.02431809065383,-0.110970967504342,0.159607148812002,-39.1392398716392,-0.0357272409721683,"Stable"
"Spizella passerina",21,-0.0935201092462812,-0.261904495522952,0.0748642770303898,190.403154046062,0.0160343210409697,"Stable"
"Spizella passerina",25,-0.0362013638186924,-0.0887560317357129,0.0163533040983282,78.0969715202568,0.0392440090301379,"Stable"
"Spizella passerina",35,-0.294223826714803,-0.492014208681043,-0.0964334447485634,600.238267148018,0.252076598469182,"Decreasing"
"Spizella passerina",36,-0.0743243243243329,-0.928374480665598,0.779725832016932,152.261261261278,-0.232018308631209,"Stable"
