"scientific_name","BCR","slope","lower_CI","upper_CI","intercept","adj_r2","Trend"
"Stelgidopteryx serripennis",18,-0.00290814279983946,-0.111469414256464,0.105653128656785,9.498094665062,-0.0415340126129431,"Stable"
"Stelgidopteryx serripennis",19,-0.0205074207781787,-0.104678676571216,0.0636638350148582,47.8658744484553,-0.0308064855263688,"Stable"
"Stelgidopteryx serripennis",20,0.238262305231658,-0.489719523853205,0.966244134316521,-471.34681663399,-0.0272601527512586,"Stable"
"Stelgidopteryx serripennis",21,-0.147563176895311,-0.802444817498815,0.507318463708193,313.006768953077,-0.0323635497298491,"Stable"
"Stelgidopteryx serripennis",25,0.179552747693543,0.0377028746559224,0.321402620731163,-355.985810268754,0.188970094944679,"Increasing"
"Stelgidopteryx serripennis",35,0.131382978723407,-0.0549302210532042,0.317696178500018,-259.760957446814,0.044889522768488,"Stable"
"Stelgidopteryx serripennis",36,0.524651935113045,-0.902341629906883,1.95164550013297,-1043.48997317666,-0.0226278918869609,"Stable"
"Stelgidopteryx serripennis",37,-0.838303045815132,-4.48142804180342,2.80482195017316,1702.17635014063,-0.044344554413777,"Stable"
