"scientific_name","BCR","slope","lower_CI","upper_CI","intercept","adj_r2","Trend"
"Sternula antillarum",18,NA,NA,NA,NA,NA,NA
"Sternula antillarum",19,0.064829821717988,-0.0212482621403744,0.15090790557635,-128.05698200119,0.0781028193765736,"Stable"
"Sternula antillarum",21,0.0296052631578951,-0.0874369452854874,0.146647471601278,-58.0723684210533,-0.096491228070184,"Stable"
"Sternula antillarum",25,-0.564516129032282,-2.69430246849309,1.56527021042853,1140.79032258069,0.83795948987246,"Stable"
"Sternula antillarum",35,NA,NA,NA,NA,NA,NA
"Sternula antillarum",36,NA,NA,NA,NA,NA,NA
"Sternula antillarum",37,0.31849791376913,-0.0696038473771617,0.706599674915421,-631.18080667595,0.072715866848663,"Stable"
