"scientific_name","BCR","slope","lower_CI","upper_CI","intercept","adj_r2","Trend"
"Sterna forsteri",18,-0.249999999999989,-5.75194804360707,5.25194804360709,503.749999999978,-0.500000000000082,"Stable"
"Sterna forsteri",19,-0.0143009890403569,-0.303277118790211,0.274675140709497,34.2477947072841,-0.0549220127973016,"Stable"
"Sterna forsteri",21,NA,NA,NA,NA,NA,NA
"Sterna forsteri",36,NA,NA,NA,NA,NA,NA
"Sterna forsteri",37,-0.132922182109904,-0.450711004459695,0.184866640239888,276.930154432402,-0.0102954374480666,"Stable"
