"scientific_name","BCR","slope","lower_CI","upper_CI","intercept","adj_r2","Trend"
"Sterna hirundo",37,0.134854771784232,-0.204863153649287,0.474572697217752,-267.268911586339,-0.0201166190778561,"Stable"
