"scientific_name","BCR","slope","lower_CI","upper_CI","intercept","adj_r2","Trend"
"Streptopelia decaocto",18,0.553059108192192,0.365491243660771,0.740626972723612,-1104.21488650767,0.649656411772991,"Increasing"
"Streptopelia decaocto",19,0.416695471828554,0.25047535129073,0.582915592366377,-831.593674386454,0.570177163584795,"Increasing"
"Streptopelia decaocto",20,0.176884002505045,0.00386665269856487,0.349901352311526,-351.70558764178,0.159788857455843,"Increasing"
"Streptopelia decaocto",21,0.264347826086956,0.183780322716402,0.344915329457509,-526.473043478259,0.674355314086858,"Increasing"
"Streptopelia decaocto",25,0.0464601769911505,-0.0287174267945808,0.121637780776882,-90.5973451327434,0.0305547991831178,"Stable"
"Streptopelia decaocto",35,0.256252404771066,0.149177707687672,0.363327101854459,-508.713928434013,0.53251867259295,"Increasing"
"Streptopelia decaocto",36,0.256444786456329,-0.0579216588803007,0.570811231792959,-507.32820315506,0.0827905828204222,"Stable"
"Streptopelia decaocto",37,-0.0540974982464349,-0.223635919235711,0.115440922742841,116.422463175124,-0.024078308803019,"Stable"
