"scientific_name","BCR","slope","lower_CI","upper_CI","intercept","adj_r2","Trend"
"Strix varia",19,-0.00205575611712823,-0.0459412500458219,0.0418297378115655,6.01589450461346,-0.0412611335604203,"Stable"
"Strix varia",20,0,0,0,1,NA,"Stable"
"Strix varia",21,-0.00190533493782589,-0.0283240110052675,0.0245133411296157,5.63668271159241,-0.0407059086035382,"Stable"
"Strix varia",25,-0.00837344564781385,-0.0348214180816635,0.0180745267860358,18.4427898114721,-0.0234587835522801,"Stable"
"Strix varia",36,NA,NA,NA,NA,NA,NA
"Strix varia",37,0.0081721673323524,-0.027717480692962,0.0440618153576668,-14.5418068110155,-0.0335081632937759,"Stable"
