"scientific_name","BCR","slope","lower_CI","upper_CI","intercept","adj_r2","Trend"
"Sturnus vulgaris",18,-0.0222121941436008,-0.348239819627427,0.303815431340225,70.3302747693517,-0.0408092129198723,"Stable"
"Sturnus vulgaris",19,-0.268451664661052,-0.523458829467675,-0.0134444998544291,565.599979943845,0.129546930998922,"Decreasing"
"Sturnus vulgaris",20,0.208383473726434,-0.0435206728598282,0.460287620312697,-411.501403931007,0.0711485385281915,"Stable"
"Sturnus vulgaris",21,-0.308463698355397,-0.498412349262963,-0.118515047447832,636.970316887289,0.290446606232219,"Decreasing"
"Sturnus vulgaris",25,-0.242829923786605,-0.536886540685947,0.0512266931127364,505.340904532697,0.0707984585053298,"Stable"
"Sturnus vulgaris",35,-0.0741075010028092,-0.247104286756448,0.0988892847508301,154.658343361415,-0.008810029253014,"Stable"
"Sturnus vulgaris",36,0.249548736462095,0.0987295219885958,0.400367950935595,-494.112364620942,0.298974257660789,"Increasing"
"Sturnus vulgaris",37,0.379713196951462,-0.600092322461953,1.35951871636488,-729.923636181304,-0.0146208040589053,"Stable"
