"scientific_name","BCR","slope","lower_CI","upper_CI","intercept","adj_r2","Trend"
"Sturnella neglecta",18,-1.52000601684717,-2.32372011009647,-0.716291923597872,3193.43516847172,0.362826168180754,"Decreasing"
"Sturnella neglecta",19,-2.07907139991978,-2.72074429345785,-1.43739850638172,4282.6723325311,0.636197433856521,"Decreasing"
"Sturnella neglecta",20,0.357142857142981,-20.0786641619703,20.7929498762562,-711.214285714534,-0.906015037593945,"Stable"
"Sturnella neglecta",21,-0.0954825462012329,-0.416733055955982,0.225767963553516,196.328952772076,-0.0331744588854952,"Stable"
"Sturnella neglecta",25,NA,NA,NA,NA,NA,NA
"Sturnella neglecta",35,-0.409596871239472,-0.568798251278266,-0.250395491200677,835.593712394707,0.521041337240883,"Decreasing"
"Sturnella neglecta",36,NA,NA,NA,NA,NA,NA
"Sturnella neglecta",37,NA,NA,NA,NA,NA,NA
