"scientific_name","BCR","slope","lower_CI","upper_CI","intercept","adj_r2","Trend"
"Sturnella magna",18,-0.0255716004813463,-0.361828934575087,0.310685733612395,73.9660048134747,-0.0405985444230283,"Stable"
"Sturnella magna",19,-0.295176494183712,-0.682462587790106,0.0921095994226817,632.806608503807,0.0556928619197484,"Stable"
"Sturnella magna",20,-0.304166909154399,-0.516717095776402,-0.0916167225323956,617.147820520285,0.244416042261072,"Decreasing"
"Sturnella magna",21,-0.527075812274369,-0.758330952333472,-0.295820672215265,1083.75812274368,0.458028583931109,"Decreasing"
"Sturnella magna",25,-0.401474127557162,-0.556135862858557,-0.246812392255767,816.616275571604,0.525642972495798,"Decreasing"
"Sturnella magna",35,0.120286803048539,-0.108813927372545,0.349387533469623,-227.076363818698,0.00692166419378371,"Stable"
"Sturnella magna",36,-0.350130365022065,-0.62605317766923,-0.0742075523748992,716.011983553957,0.189863668461088,"Decreasing"
"Sturnella magna",37,-0.70427196149218,-1.47577683708315,0.0672329140987876,1458.96961492179,0.092546004353534,"Stable"
