"scientific_name","BCR","slope","lower_CI","upper_CI","intercept","adj_r2","Trend"
"Tachycineta thalassina",18,-1.4873872269705,-3.01417622348984,0.0394017695488469,2998.15992996189,0.113125324547692,"Stable"
"Tachycineta thalassina",35,0.0844364219815489,-0.192922242724262,0.361795086687359,-157.030886482151,-0.0248094929464557,"Stable"
