"scientific_name","BCR","slope","lower_CI","upper_CI","intercept","adj_r2","Trend"
"Tachybaptus dominicus",21,-0.25371428571429,-1.60134636683275,1.09391779540417,513.909714285723,-0.129443609022547,"Stable"
"Tachybaptus dominicus",36,-0.0401459854014615,-0.171154094178748,0.0908621233758244,82.7335766423392,-0.0675182481751637,"Stable"
"Tachybaptus dominicus",37,-0.0171440817201222,-0.538487280063978,0.504199116623734,39.4756768340581,-0.0710480052893618,"Stable"
