"scientific_name","BCR","slope","lower_CI","upper_CI","intercept","adj_r2","Trend"
"Tachycineta bicolor",18,-0.182503387533871,-0.406702810001764,0.0416960349340214,374.439109078582,0.0710504574712034,"Stable"
"Tachycineta bicolor",19,0.0879462494985963,-0.0059281835401456,0.181820682537338,-172.545828319295,0.0987309975430841,"Stable"
"Tachycineta bicolor",20,NA,NA,NA,NA,NA,NA
"Tachycineta bicolor",21,-0.0375494071146219,-0.225356432410527,0.150257618181284,77.0770750988089,-0.174791392182713,"Stable"
"Tachycineta bicolor",25,0.208480199046243,-0.093088289140555,0.510048687233041,-415.790586771731,0.0632465166689106,"Stable"
"Tachycineta bicolor",37,NA,NA,NA,NA,NA,NA
