"scientific_name","BCR","slope","lower_CI","upper_CI","intercept","adj_r2","Trend"
"Thryothorus ludovicianus",19,0.115623746490173,0.0380976343750633,0.193149858605282,-227.820798235059,0.253171841169428,"Increasing"
"Thryothorus ludovicianus",20,0.0256217408744479,-0.112795203897411,0.164038685646307,-43.2590754111501,-0.0353701573624372,"Stable"
"Thryothorus ludovicianus",21,0.0768652226233452,-0.0354168113048988,0.189147256551589,-141.277226233453,0.0383230057847204,"Stable"
"Thryothorus ludovicianus",25,-0.00280786201363838,-0.166850293079446,0.161234569052169,31.4119534697156,-0.041612502661774,"Stable"
"Thryothorus ludovicianus",35,NA,NA,NA,NA,NA,NA
"Thryothorus ludovicianus",36,-0.0442689638669537,-0.108221498247883,0.0196835705139759,90.5340990667621,0.0991820111888531,"Stable"
"Thryothorus ludovicianus",37,0.16837144003209,-0.00292298465478721,0.339665864718968,-326.631066987566,0.110812107774476,"Stable"
