"scientific_name","BCR","slope","lower_CI","upper_CI","intercept","adj_r2","Trend"
"Thryomanes bewickii",18,-0.0721520256718823,-0.141131648763675,-0.00317240258008977,148.728590052148,0.127719206704906,"Decreasing"
"Thryomanes bewickii",19,-0.0661853188929006,-0.177270910718565,0.0449002729327639,141.853188929002,0.0200733696140241,"Stable"
"Thryomanes bewickii",20,-0.315533493782594,-0.715286413719437,0.0842194261542495,667.293271159251,0.0620509107629154,"Stable"
"Thryomanes bewickii",21,-0.0242178098676284,-0.123821543861035,0.0753859241257787,57.5530986762916,-0.0308503456816247,"Stable"
"Thryomanes bewickii",25,-0.0756058024024267,-0.176636774322121,0.0254251695172675,154.770231514193,0.0718960168193454,"Stable"
"Thryomanes bewickii",35,-0.133122743682311,-0.218263577452194,-0.0479819099124273,274.602436823105,0.273545309357638,"Decreasing"
"Thryomanes bewickii",36,0.173636181307661,-0.0741493230517668,0.421421685667089,-333.903479743281,0.0418419460742097,"Stable"
"Thryomanes bewickii",37,-0.238317288407544,-0.408155235118554,-0.0684793416965332,484.464550742083,0.228090723546587,"Decreasing"
