"scientific_name","BCR","slope","lower_CI","upper_CI","intercept","adj_r2","Trend"
"Toxostoma curvirostre",18,0.0112314480545527,-0.0262644156142047,0.0487273117233101,-20.1478138788607,-0.0253384971169537,"Stable"
"Toxostoma curvirostre",19,-0.0193745363236895,-0.0568383184785863,0.0180892458312073,40.9770301888958,0.00707045041634047,"Stable"
"Toxostoma curvirostre",20,-0.0170649612924939,-0.0900919107920191,0.0559619882070313,36.379367216425,-0.0359687490355933,"Stable"
"Toxostoma curvirostre",21,-0.0984371096244064,-0.203008327987027,0.00613410873821457,201.038864059073,0.108912740092817,"Stable"
"Toxostoma curvirostre",35,-0.00220617729643004,-0.0437999195124512,0.0393875649195911,7.39510629763345,-0.0411467876979279,"Stable"
"Toxostoma curvirostre",36,0.00376052948255167,-0.070622403940267,0.0781434629053703,-2.48029482551249,-0.0411943332810969,"Stable"
"Toxostoma curvirostre",37,0.031187324508624,-0.0243508759633439,0.0867255249805918,-60.2899117529078,0.0135431348029481,"Stable"
