"scientific_name","BCR","slope","lower_CI","upper_CI","intercept","adj_r2","Trend"
"Toxostoma bendirei",18,-0.00196850393701001,-0.0993163158415494,0.0953793079675294,5.12401574803579,-0.249015748031494,"Stable"
"Toxostoma bendirei",35,0.00730207532667209,-0.030630048682838,0.0452341993361822,-13.3109146810152,-0.0548275685370214,"Stable"
