"scientific_name","BCR","slope","lower_CI","upper_CI","intercept","adj_r2","Trend"
"Tringa semipalmata",18,-0.0643153526970987,-0.10997467256106,-0.0186560328331379,130.564315352704,0.993775933609958,"Decreasing"
"Tringa semipalmata",19,-0.0990272763738461,-0.169553699544989,-0.0285008532027032,201.814430405133,0.228350550638315,"Decreasing"
"Tringa semipalmata",37,0.0263738467709568,-0.237161436566178,0.289909130108092,-43.1551343762497,-0.0398182821425022,"Stable"
