"scientific_name","BCR","slope","lower_CI","upper_CI","intercept","adj_r2","Trend"
"Vermivora cyanoptera",25,-0.0816491511721901,-0.16497924896769,0.00168094662330989,165.813257881971,0.353176798098722,"Stable"
