"scientific_name","BCR","slope","lower_CI","upper_CI","intercept","adj_r2","Trend"
"Vireo griseus",19,0.0677937542125368,0.00200915014457692,0.133578358280497,-133.645585261739,0.154420701757418,"Increasing"
"Vireo griseus",20,0.0335940633774566,-0.079293704861202,0.146481831616115,-60.8573004412349,-0.0255471364279709,"Stable"
"Vireo griseus",21,0.0717509025270757,-0.0143908910021197,0.157892696056271,-135.384025270758,0.0725390878228385,"Stable"
"Vireo griseus",25,0.229793421580426,0.136722799440973,0.322864043719879,-440.142549137587,0.499672696718012,"Increasing"
"Vireo griseus",35,0.04054054054054,-0.205797656582632,0.286878737663712,-78.9414414414404,-0.085405405405407,"Stable"
"Vireo griseus",36,0.0132872041716803,-0.0582140455167845,0.0847884538601452,-23.163708383473,-0.035320953890039,"Stable"
"Vireo griseus",37,0.0430705976734858,-0.0150438123637751,0.101185007710747,-80.7476434015244,0.0508644542855244,"Stable"
