"scientific_name","BCR","slope","lower_CI","upper_CI","intercept","adj_r2","Trend"
"Vireo atricapilla",19,-0.0137404580152666,-0.352780337986348,0.325299421955815,36.5038167938919,-0.0583683550817655,"Stable"
"Vireo atricapilla",20,0.320296831127158,0.122091837056342,0.518501825197973,-635.63497793823,0.288231715366503,"Increasing"
"Vireo atricapilla",21,0.112903225806462,-1.66191872374422,1.88772517535714,-224.548387096796,-0.209677419354814,"Stable"
"Vireo atricapilla",35,0.0111391983110639,-0.0245492577681303,0.0468276543902582,-20.845801272257,-0.0259154001477866,"Stable"
