"scientific_name","BCR","slope","lower_CI","upper_CI","intercept","adj_r2","Trend"
"Vireo olivaceus",18,-0.216446572315462,-0.437958330213532,0.00506518558260904,442.485663176722,0.113929312023654,"Stable"
"Vireo olivaceus",19,0.0556558363417567,-0.00147164667033829,0.112783319353852,-108.808363417569,0.108513171770102,"Stable"
"Vireo olivaceus",20,-0.0060168471720816,-0.048758151936683,0.0367244575925198,14.1684717208178,-0.0380156671690446,"Stable"
"Vireo olivaceus",21,0.0030585639791414,-0.0245761019809672,0.03069322993925,-3.37730645808223,-0.0394068265173497,"Stable"
"Vireo olivaceus",25,-0.0523465703971124,-0.172559055084774,0.0678659142905491,124.46570397112,-0.00775132838435533,"Stable"
"Vireo olivaceus",35,NA,NA,NA,NA,NA,NA
"Vireo olivaceus",37,0.0611456176673561,-0.0156047536958083,0.13789598903052,-120.816356107659,0.0773992566986401,"Stable"
